PRAGMA defer_foreign_keys=TRUE;
CREATE TABLE `media` (
  	`id` integer PRIMARY KEY NOT NULL,
  	`alt` text NOT NULL,
  	`updated_at` text DEFAULT (strftime('%Y-%m-%dT%H:%M:%fZ', 'now')) NOT NULL,
  	`created_at` text DEFAULT (strftime('%Y-%m-%dT%H:%M:%fZ', 'now')) NOT NULL,
  	`url` text,
  	`thumbnail_u_r_l` text,
  	`filename` text,
  	`mime_type` text,
  	`filesize` numeric,
  	`width` numeric,
  	`height` numeric
  );
INSERT INTO "media" VALUES(2,'EU','2026-02-24T19:23:40.698Z','2026-02-24T19:23:40.698Z','/api/media/file/news-eu-1.png',NULL,'news-eu-1.png','image/png',21416,1328,350);
INSERT INTO "media" VALUES(3,'Icon','2026-02-26T06:23:56.389Z','2026-02-26T06:23:56.389Z','/cms/api/media/file/icon-192x192.png',NULL,'icon-192x192.png','image/png',1907,192,192);
CREATE TABLE `payload_locked_documents` (
  	`id` integer PRIMARY KEY NOT NULL,
  	`global_slug` text,
  	`updated_at` text DEFAULT (strftime('%Y-%m-%dT%H:%M:%fZ', 'now')) NOT NULL,
  	`created_at` text DEFAULT (strftime('%Y-%m-%dT%H:%M:%fZ', 'now')) NOT NULL
  );
INSERT INTO "payload_locked_documents" VALUES(2,NULL,'2026-02-26T14:15:27.778Z','2026-02-26T14:15:27.778Z');
CREATE TABLE `payload_locked_documents_rels` (
  	`id` integer PRIMARY KEY NOT NULL,
  	`order` integer,
  	`parent_id` integer NOT NULL,
  	`path` text NOT NULL,
  	`users_id` integer,
  	`media_id` integer, "questions_id" integer REFERENCES "questions"(id), "articles_id" integer REFERENCES "articles"(id), `payload_mcp_api_keys_id` integer,
  	FOREIGN KEY (`parent_id`) REFERENCES `payload_locked_documents`(`id`) ON UPDATE no action ON DELETE cascade,
  	FOREIGN KEY (`users_id`) REFERENCES `users`(`id`) ON UPDATE no action ON DELETE cascade,
  	FOREIGN KEY (`media_id`) REFERENCES `media`(`id`) ON UPDATE no action ON DELETE cascade
  );
INSERT INTO "payload_locked_documents_rels" VALUES(3,NULL,2,'document',NULL,2,NULL,NULL,NULL);
INSERT INTO "payload_locked_documents_rels" VALUES(4,NULL,2,'user','17004f90-b9ba-4dda-9845-da7befff704d',NULL,NULL,NULL,NULL);
CREATE TABLE `payload_preferences` (
  	`id` integer PRIMARY KEY NOT NULL,
  	`key` text,
  	`value` text,
  	`updated_at` text DEFAULT (strftime('%Y-%m-%dT%H:%M:%fZ', 'now')) NOT NULL,
  	`created_at` text DEFAULT (strftime('%Y-%m-%dT%H:%M:%fZ', 'now')) NOT NULL
  );
INSERT INTO "payload_preferences" VALUES(1,'collection-media','{"limit":10}','2026-02-24T20:46:35.674Z','2026-02-23T23:06:43.713Z');
INSERT INTO "payload_preferences" VALUES(2,'collection-users','{}','2026-02-23T23:06:45.210Z','2026-02-23T23:06:45.210Z');
INSERT INTO "payload_preferences" VALUES(3,'collection-news-articles','{"limit":10}','2026-02-24T15:44:39.460Z','2026-02-23T23:26:43.072Z');
INSERT INTO "payload_preferences" VALUES(4,'locale','"lt"','2026-02-24T23:28:54.315Z','2026-02-23T23:29:10.584Z');
INSERT INTO "payload_preferences" VALUES(5,'collection-faq-items','{"limit":10}','2026-02-24T18:33:40.018Z','2026-02-23T23:30:06.004Z');
INSERT INTO "payload_preferences" VALUES(6,'collection-articles','{"limit":10}','2026-02-24T20:05:31.616Z','2026-02-24T19:41:17.737Z');
INSERT INTO "payload_preferences" VALUES(7,'collection-questions','{"limit":10,"sort":"order"}','2026-02-24T23:17:07.282Z','2026-02-24T22:03:55.223Z');
INSERT INTO "payload_preferences" VALUES(8,'collection-articles','{"limit":10}','2026-02-26T10:58:36.244Z','2026-02-26T06:21:59.651Z');
INSERT INTO "payload_preferences" VALUES(9,'collection-media','{}','2026-02-26T06:22:02.742Z','2026-02-26T06:22:02.742Z');
INSERT INTO "payload_preferences" VALUES(10,'collection-questions','{"limit":10}','2026-02-26T06:37:15.965Z','2026-02-26T06:22:04.044Z');
INSERT INTO "payload_preferences" VALUES(11,'collection-users','{"limit":10}','2026-02-26T07:17:49.019Z','2026-02-26T06:22:06.538Z');
INSERT INTO "payload_preferences" VALUES(12,'locale','"en"','2026-02-26T18:58:50.640Z','2026-02-26T06:24:28.772Z');
INSERT INTO "payload_preferences" VALUES(13,'collection-payload-mcp-api-keys','{}','2026-02-26T07:18:38.510Z','2026-02-26T07:18:38.510Z');
INSERT INTO "payload_preferences" VALUES(14,'collection-payload-mcp-api-keys','{}','2026-02-26T07:18:41.532Z','2026-02-26T07:18:41.532Z');
INSERT INTO "payload_preferences" VALUES(15,'collection-payload-mcp-api-keys','{}','2026-02-26T07:18:44.550Z','2026-02-26T07:18:44.550Z');
INSERT INTO "payload_preferences" VALUES(16,'collection-payload-mcp-api-keys','{}','2026-02-26T07:18:52.646Z','2026-02-26T07:18:52.646Z');
INSERT INTO "payload_preferences" VALUES(17,'collection-payload-mcp-api-keys','{}','2026-02-26T07:19:06.634Z','2026-02-26T07:19:06.634Z');
INSERT INTO "payload_preferences" VALUES(18,'collection-payload-mcp-api-keys','{}','2026-02-26T07:19:50.386Z','2026-02-26T07:19:50.386Z');
INSERT INTO "payload_preferences" VALUES(19,'collection-payload-mcp-api-keys','{}','2026-02-26T07:19:57.629Z','2026-02-26T07:19:57.629Z');
INSERT INTO "payload_preferences" VALUES(20,'collection-payload-mcp-api-keys','{}','2026-02-26T07:20:08.684Z','2026-02-26T07:20:08.684Z');
INSERT INTO "payload_preferences" VALUES(21,'collection-payload-mcp-api-keys','{}','2026-02-26T07:32:15.011Z','2026-02-26T07:32:15.011Z');
INSERT INTO "payload_preferences" VALUES(22,'collection-payload-mcp-api-keys','{"limit":10}','2026-02-26T08:02:38.465Z','2026-02-26T07:45:38.817Z');
CREATE TABLE `payload_preferences_rels` (
  	`id` integer PRIMARY KEY NOT NULL,
  	`order` integer,
  	`parent_id` integer NOT NULL,
  	`path` text NOT NULL,
  	`users_id` integer, `payload_mcp_api_keys_id` integer,
  	FOREIGN KEY (`parent_id`) REFERENCES `payload_preferences`(`id`) ON UPDATE no action ON DELETE cascade,
  	FOREIGN KEY (`users_id`) REFERENCES `users`(`id`) ON UPDATE no action ON DELETE cascade
  );
INSERT INTO "payload_preferences_rels" VALUES(2,NULL,9,'user','17004f90-b9ba-4dda-9845-da7befff704d',NULL);
INSERT INTO "payload_preferences_rels" VALUES(6,NULL,10,'user','17004f90-b9ba-4dda-9845-da7befff704d',NULL);
INSERT INTO "payload_preferences_rels" VALUES(8,NULL,11,'user','17004f90-b9ba-4dda-9845-da7befff704d',NULL);
INSERT INTO "payload_preferences_rels" VALUES(9,NULL,22,'user','17004f90-b9ba-4dda-9845-da7befff704d',NULL);
INSERT INTO "payload_preferences_rels" VALUES(11,NULL,8,'user','17004f90-b9ba-4dda-9845-da7befff704d',NULL);
INSERT INTO "payload_preferences_rels" VALUES(12,NULL,12,'user','17004f90-b9ba-4dda-9845-da7befff704d',NULL);
CREATE TABLE `payload_migrations` (
  	`id` integer PRIMARY KEY NOT NULL,
  	`name` text,
  	`batch` numeric,
  	`updated_at` text DEFAULT (strftime('%Y-%m-%dT%H:%M:%fZ', 'now')) NOT NULL,
  	`created_at` text DEFAULT (strftime('%Y-%m-%dT%H:%M:%fZ', 'now')) NOT NULL
  );
INSERT INTO "payload_migrations" VALUES(1,'20250929_111647',1,'2026-02-23T23:02:20.554Z','2026-02-23T23:02:20.553Z');
INSERT INTO "payload_migrations" VALUES(2,'20260224_153854',2,'2026-02-24T15:39:14.116Z','2026-02-24T15:39:14.112Z');
INSERT INTO "payload_migrations" VALUES(3,'20260224_175421',3,'2026-02-24T18:04:35.423Z','2026-02-24T18:04:35.422Z');
INSERT INTO "payload_migrations" VALUES(4,'20260224_181301',4,'2026-02-24T18:13:07.915Z','2026-02-24T18:13:07.914Z');
INSERT INTO "payload_migrations" VALUES(5,'20260224_231500',5,'2026-02-24T21:24:07.399Z','2026-02-24T21:24:07.398Z');
INSERT INTO "payload_migrations" VALUES(6,'20260224_233800',6,'2026-02-24T21:43:14.425Z','2026-02-24T21:43:14.424Z');
INSERT INTO "payload_migrations" VALUES(7,'20260224_235900',7,'2026-02-24T21:57:53.978Z','2026-02-24T21:57:53.977Z');
INSERT INTO "payload_migrations" VALUES(8,'20260225_000100',8,'2026-02-24T22:25:45.629Z','2026-02-24T22:25:45.628Z');
INSERT INTO "payload_migrations" VALUES(9,'20260225_110800',9,'2026-02-25T09:10:37.258Z','2026-02-25T09:10:37.257Z');
INSERT INTO "payload_migrations" VALUES(10,'20260225_170000',10,'2026-02-25T15:00:24.369Z','2026-02-25T15:00:24.368Z');
INSERT INTO "payload_migrations" VALUES(11,'20260226_094500',11,'2026-02-26T07:41:06.032Z','2026-02-26T07:41:06.031Z');
INSERT INTO "payload_migrations" VALUES(12,'20260226_133500',12,'2026-02-26T12:05:38.666Z','2026-02-26T12:05:38.665Z');
INSERT INTO "payload_migrations" VALUES(13,'20260226_140500',12,'2026-02-26T12:05:41.842Z','2026-02-26T12:05:41.842Z');
INSERT INTO "payload_migrations" VALUES(14,'20260226_141900',13,'2026-02-26T12:21:33.818Z','2026-02-26T12:21:33.817Z');
INSERT INTO "payload_migrations" VALUES(15,'20260226_160000',14,'2026-02-26T13:30:26.209Z','2026-02-26T13:30:26.208Z');
INSERT INTO "payload_migrations" VALUES(16,'20260226_152427_remove_intro_from_selected_globals',15,'2026-02-26T16:34:25.051Z','2026-02-26T16:34:25.050Z');
ANALYZE sqlite_schema;
INSERT INTO "sqlite_stat1" VALUES('payload_migrations','payload_migrations_created_at_idx','1 1');
INSERT INTO "sqlite_stat1" VALUES('payload_migrations','payload_migrations_updated_at_idx','1 1');
INSERT INTO "sqlite_stat1" VALUES('_cf_KV','_cf_KV','1 1');
INSERT INTO "sqlite_stat1" VALUES('payload_preferences','payload_preferences_created_at_idx','2 1');
INSERT INTO "sqlite_stat1" VALUES('payload_preferences','payload_preferences_updated_at_idx','2 1');
INSERT INTO "sqlite_stat1" VALUES('payload_preferences','payload_preferences_key_idx','2 1');
INSERT INTO "sqlite_stat1" VALUES('media','media_filename_idx','1 1');
INSERT INTO "sqlite_stat1" VALUES('media','media_created_at_idx','1 1');
INSERT INTO "sqlite_stat1" VALUES('media','media_updated_at_idx','1 1');
INSERT INTO "sqlite_stat1" VALUES('news_articles','news_articles_meta_image_idx','1 1');
INSERT INTO "sqlite_stat1" VALUES('news_articles','news_articles_created_at_idx','1 1');
INSERT INTO "sqlite_stat1" VALUES('news_articles','news_articles_updated_at_idx','1 1');
INSERT INTO "sqlite_stat1" VALUES('news_articles','news_articles_hero_image_idx','1 1');
INSERT INTO "sqlite_stat1" VALUES('news_articles','news_articles_slug_idx','1 1');
INSERT INTO "sqlite_stat1" VALUES('news_articles_locales','news_articles_locales_locale_parent_id_unique','1 1 1');
INSERT INTO "sqlite_stat1" VALUES('questions','faq_items_created_at_idx','1 1');
INSERT INTO "sqlite_stat1" VALUES('questions','faq_items_updated_at_idx','1 1');
INSERT INTO "sqlite_stat1" VALUES('questions_locales','questions_meta_meta_image_idx','1 1 1');
INSERT INTO "sqlite_stat1" VALUES('questions_locales','faq_items_locales_locale_parent_id_unique','1 1 1');
INSERT INTO "sqlite_stat1" VALUES('questions_page_locales','questions_page_meta_meta_image_idx','2 2 1');
INSERT INTO "sqlite_stat1" VALUES('questions_page_locales','questions_page_locales_locale_parent_id_unique','2 1 1');
INSERT INTO "sqlite_stat1" VALUES('recruitment_page_locales','recruitment_page_meta_meta_image_idx','2 2 1');
INSERT INTO "sqlite_stat1" VALUES('recruitment_page_locales','recruitment_page_locales_locale_parent_id_unique','2 1 1');
INSERT INTO "sqlite_stat1" VALUES('contracting_page_locales','contracting_page_meta_meta_image_idx','2 2 1');
INSERT INTO "sqlite_stat1" VALUES('contracting_page_locales','contracting_page_locales_locale_parent_id_unique','2 1 1');
INSERT INTO "sqlite_stat1" VALUES('privacy_page','privacy_page_meta_image_idx','1 1');
INSERT INTO "sqlite_stat1" VALUES('home_page_locales','home_page_meta_meta_image_idx','2 2 1');
INSERT INTO "sqlite_stat1" VALUES('home_page_locales','home_page_locales_locale_parent_id_unique','2 1 1');
INSERT INTO "sqlite_stat1" VALUES('home_page','home_page_meta_image_idx','1 1');
INSERT INTO "sqlite_stat1" VALUES('articles_page_locales','articles_page_meta_meta_image_idx','2 2 1');
INSERT INTO "sqlite_stat1" VALUES('articles_page_locales','articles_page_locales_locale_parent_id_unique','2 1 1');
INSERT INTO "sqlite_stat1" VALUES('contractors_page_locales','contractors_page_meta_meta_image_idx','2 2 1');
INSERT INTO "sqlite_stat1" VALUES('contractors_page_locales','contractors_page_locales_locale_parent_id_unique','2 1 1');
INSERT INTO "sqlite_stat1" VALUES('projects_page_locales','projects_page_meta_meta_image_idx','2 2 1');
INSERT INTO "sqlite_stat1" VALUES('projects_page_locales','projects_page_locales_locale_parent_id_unique','2 1 1');
INSERT INTO "sqlite_stat1" VALUES('privacy_page_locales','privacy_page_meta_meta_image_idx','2 2 1');
INSERT INTO "sqlite_stat1" VALUES('privacy_page_locales','privacy_page_locales_locale_parent_id_unique','2 1 1');
INSERT INTO "sqlite_stat1" VALUES('users_accounts','users_accounts_provider_account_id_idx','1 1 1');
INSERT INTO "sqlite_stat1" VALUES('users_accounts','users_accounts_parent_id_idx','1 1');
INSERT INTO "sqlite_stat1" VALUES('users_accounts','users_accounts_order_idx','1 1');
INSERT INTO "sqlite_stat1" VALUES('users_accounts','sqlite_autoindex_users_accounts_1','1 1');
INSERT INTO "sqlite_stat1" VALUES('users','users_email_idx','1 1');
INSERT INTO "sqlite_stat1" VALUES('users','users_created_at_idx','1 1');
INSERT INTO "sqlite_stat1" VALUES('users','users_updated_at_idx','1 1');
INSERT INTO "sqlite_stat1" VALUES('users','sqlite_autoindex_users_1','1 1');
INSERT INTO "sqlite_stat1" VALUES('payload_preferences_rels','payload_preferences_rels_payload_mcp_api_keys_id_idx','5 5');
INSERT INTO "sqlite_stat1" VALUES('payload_preferences_rels','payload_preferences_rels_users_id_idx','5 5');
INSERT INTO "sqlite_stat1" VALUES('payload_preferences_rels','payload_preferences_rels_path_idx','5 5');
INSERT INTO "sqlite_stat1" VALUES('payload_preferences_rels','payload_preferences_rels_parent_idx','5 1');
INSERT INTO "sqlite_stat1" VALUES('payload_preferences_rels','payload_preferences_rels_order_idx','5 5');
INSERT INTO "sqlite_stat1" VALUES('articles_locales','articles_slug_idx','4 2 1');
INSERT INTO "sqlite_stat1" VALUES('articles_locales','articles_meta_meta_image_idx','4 2 2');
INSERT INTO "sqlite_stat1" VALUES('articles_locales','news_articles_locales_locale_parent_id_unique','4 2 1');
INSERT INTO "sqlite_stat1" VALUES('articles','articles_created_at_idx','2 1');
INSERT INTO "sqlite_stat1" VALUES('articles','articles_updated_at_idx','2 1');
INSERT INTO "sqlite_stat1" VALUES('articles','articles_meta_image_idx','2 2');
INSERT INTO "sqlite_stat1" VALUES('articles','articles_hero_image_idx','2 1');
INSERT INTO "sqlite_stat1" VALUES('payload_locked_documents','payload_locked_documents_created_at_idx','1 1');
INSERT INTO "sqlite_stat1" VALUES('payload_locked_documents','payload_locked_documents_updated_at_idx','1 1');
INSERT INTO "sqlite_stat1" VALUES('payload_locked_documents','payload_locked_documents_global_slug_idx','1 1');
INSERT INTO "sqlite_stat1" VALUES('payload_locked_documents_rels','payload_locked_documents_rels_payload_mcp_api_keys_id_idx','2 2');
INSERT INTO "sqlite_stat1" VALUES('payload_locked_documents_rels','payload_locked_documents_rels_questions_id_idx','2 2');
INSERT INTO "sqlite_stat1" VALUES('payload_locked_documents_rels','payload_locked_documents_rels_articles_id_idx','2 1');
INSERT INTO "sqlite_stat1" VALUES('payload_locked_documents_rels','payload_locked_documents_rels_media_id_idx','2 2');
INSERT INTO "sqlite_stat1" VALUES('payload_locked_documents_rels','payload_locked_documents_rels_users_id_idx','2 1');
INSERT INTO "sqlite_stat1" VALUES('payload_locked_documents_rels','payload_locked_documents_rels_path_idx','2 1');
INSERT INTO "sqlite_stat1" VALUES('payload_locked_documents_rels','payload_locked_documents_rels_parent_idx','2 2');
INSERT INTO "sqlite_stat1" VALUES('payload_locked_documents_rels','payload_locked_documents_rels_order_idx','2 2');
INSERT INTO "sqlite_stat1" VALUES('payload_mcp_api_keys','payload_mcp_api_keys_api_key_index_idx','1 1');
INSERT INTO "sqlite_stat1" VALUES('payload_mcp_api_keys','payload_mcp_api_keys_created_at_idx','1 1');
INSERT INTO "sqlite_stat1" VALUES('payload_mcp_api_keys','payload_mcp_api_keys_updated_at_idx','1 1');
INSERT INTO "sqlite_stat1" VALUES('payload_mcp_api_keys','payload_mcp_api_keys_user_id_idx','1 1');
CREATE TABLE IF NOT EXISTS "questions" (
  	`id` integer PRIMARY KEY NOT NULL,
  	`order` numeric DEFAULT 10 NOT NULL,
  	`is_published` integer DEFAULT true NOT NULL,
  	`updated_at` text DEFAULT (strftime('%Y-%m-%dT%H:%M:%fZ', 'now')) NOT NULL,
  	`created_at` text DEFAULT (strftime('%Y-%m-%dT%H:%M:%fZ', 'now')) NOT NULL
  );
INSERT INTO "questions" VALUES(2,20,1,'2026-02-24T23:19:35.192Z','2026-02-24T23:14:28.387Z');
INSERT INTO "questions" VALUES(3,30,1,'2026-02-24T23:19:51.553Z','2026-02-24T23:15:15.843Z');
INSERT INTO "questions" VALUES(4,40,1,'2026-02-24T23:20:07.321Z','2026-02-24T23:16:56.187Z');
INSERT INTO "questions" VALUES(6,10,1,'2026-02-26T14:57:48.864Z','2026-02-24T23:18:18.149Z');
CREATE TABLE IF NOT EXISTS "questions_locales" (
  	`question` text NOT NULL,
  	`answer` text NOT NULL,
  	`id` integer PRIMARY KEY NOT NULL,
  	`_locale` text NOT NULL,
  	`_parent_id` integer NOT NULL, `meta_title` text, `meta_description` text, `meta_image_id` integer REFERENCES media(id), `meta_canonical_url` text, `meta_robots_index` numeric DEFAULT 1, `meta_robots_follow` numeric DEFAULT 1, `meta_open_graph_type` text, `meta_twitter_card` text, `meta_structured_data_json` text,
  	FOREIGN KEY (`_parent_id`) REFERENCES "questions"(`id`) ON UPDATE no action ON DELETE cascade
  );
INSERT INTO "questions_locales" VALUES('Why should I register to the portal?','{"root":{"children":[{"children":[{"detail":0,"format":0,"mode":"normal","style":"","text":"IT SKILL HOUSE portal and our team ease this job for you. Being part of our community, you will be:","type":"text","version":1},{"type":"linebreak","version":1},{"type":"linebreak","version":1},{"detail":0,"format":0,"mode":"normal","style":"","text":"- the first to get projects that match your skills.","type":"text","version":1},{"type":"linebreak","version":1},{"detail":0,"format":0,"mode":"normal","style":"","text":"- will be shown in the list of best IT contractors (without any confidential, sensitive or contact information) so customers could contact you proactively even if project is not out there yet.","type":"text","version":1}],"direction":null,"format":"","indent":0,"type":"paragraph","version":1,"textFormat":0,"textStyle":""}],"direction":null,"format":"","indent":0,"type":"root","version":1}}',9,'en',2,NULL,NULL,NULL,NULL,1,1,NULL,NULL,NULL);
INSERT INTO "questions_locales" VALUES('Why should I register to the portal?','{"root":{"children":[{"children":[{"detail":0,"format":0,"mode":"normal","style":"","text":"IT SKILL HOUSE portal and our team ease this job for you. Being part of our community, you will be:","type":"text","version":1},{"type":"linebreak","version":1},{"type":"linebreak","version":1},{"detail":0,"format":0,"mode":"normal","style":"","text":"- the first to get projects that match your skills.","type":"text","version":1},{"type":"linebreak","version":1},{"detail":0,"format":0,"mode":"normal","style":"","text":"- will be shown in the list of best IT contractors (without any confidential, sensitive or contact information) so customers could contact you proactively even if project is not out there yet.","type":"text","version":1}],"direction":null,"format":"","indent":0,"type":"paragraph","version":1,"textFormat":0,"textStyle":""}],"direction":null,"format":"","indent":0,"type":"root","version":1}}',10,'lt',2,NULL,NULL,NULL,NULL,1,1,NULL,NULL,NULL);
INSERT INTO "questions_locales" VALUES(' How will you ensure that I am not contacted by anybody or spammed?','{"root":{"children":[{"children":[{"detail":0,"format":0,"mode":"normal","style":"","text":"All requests that will be sent to your profile will first go through IT SKILL HOUSE filters to ensure that information is legit and relevant to you.","type":"text","version":1},{"type":"linebreak","version":1},{"type":"linebreak","version":1},{"detail":0,"format":0,"mode":"normal","style":"","text":"Your contact information will be hidden and will be used only by IT SKILL HOUSE team for communication about relevant projects.","type":"text","version":1},{"type":"linebreak","version":1},{"type":"linebreak","version":1},{"detail":0,"format":0,"mode":"normal","style":"","text":"We don''t use chatbots or robots. So you will always be able to communicate with one of the colleagues if you wish to change the nature of communication.","type":"text","version":1}],"direction":null,"format":"","indent":0,"type":"paragraph","version":1,"textFormat":0,"textStyle":""}],"direction":null,"format":"","indent":0,"type":"root","version":1}}',11,'en',3,NULL,NULL,NULL,NULL,1,1,NULL,NULL,NULL);
INSERT INTO "questions_locales" VALUES(' How will you ensure that I am not contacted by anybody or spammed?','{"root":{"children":[{"children":[{"detail":0,"format":0,"mode":"normal","style":"","text":"All requests that will be sent to your profile will first go through IT SKILL HOUSE filters to ensure that information is legit and relevant to you.","type":"text","version":1},{"type":"linebreak","version":1},{"type":"linebreak","version":1},{"detail":0,"format":0,"mode":"normal","style":"","text":"Your contact information will be hidden and will be used only by IT SKILL HOUSE team for communication about relevant projects.","type":"text","version":1},{"type":"linebreak","version":1},{"type":"linebreak","version":1},{"detail":0,"format":0,"mode":"normal","style":"","text":"We don''t use chatbots or robots. So you will always be able to communicate with one of the colleagues if you wish to change the nature of communication.","type":"text","version":1}],"direction":null,"format":"","indent":0,"type":"paragraph","version":1,"textFormat":0,"textStyle":""}],"direction":null,"format":"","indent":0,"type":"root","version":1}}',12,'lt',3,NULL,NULL,NULL,NULL,1,1,NULL,NULL,NULL);
INSERT INTO "questions_locales" VALUES('How this portal is different from other similar ones for freelancers?','{"root":{"children":[{"children":[{"detail":0,"format":0,"mode":"normal","style":"","text":"IT SKILL HOUSE is half automated portal. Which means that IT SKILL HOUSE is always up to date with projects and IT contractors'' data. We have colleagues who are always ready to update information and actively communicate with developers and customers, providing additional information if such is missing in the presented project or profile.","type":"text","version":1},{"type":"linebreak","version":1},{"type":"linebreak","version":1},{"detail":0,"format":0,"mode":"normal","style":"","text":"The portal is geographically limited and dedicated only for developers from Baltics, Poland and Ukraine.","type":"text","version":1},{"type":"linebreak","version":1},{"type":"linebreak","version":1},{"detail":0,"format":0,"mode":"normal","style":"","text":"IT SKILL HOUSE is in IT contracting area for over 11 years now. So we believe that by now we have pretty good idea what independent developers as well as customers which buy such services need.","type":"text","version":1},{"type":"linebreak","version":1},{"type":"linebreak","version":1},{"detail":0,"format":0,"mode":"normal","style":"","text":"We always listen to suggestions from our developers and customers. So this portal is live and constantly improving.","type":"text","version":1}],"direction":null,"format":"","indent":0,"type":"paragraph","version":1,"textFormat":0,"textStyle":""}],"direction":null,"format":"","indent":0,"type":"root","version":1}}',13,'en',4,NULL,NULL,NULL,NULL,1,1,NULL,NULL,NULL);
INSERT INTO "questions_locales" VALUES('How this portal is different from other similar ones for freelancers?','{"root":{"children":[{"children":[{"detail":0,"format":0,"mode":"normal","style":"","text":"IT SKILL HOUSE is half automated portal. Which means that IT SKILL HOUSE is always up to date with projects and IT contractors'' data. We have colleagues who are always ready to update information and actively communicate with developers and customers, providing additional information if such is missing in the presented project or profile.","type":"text","version":1},{"type":"linebreak","version":1},{"type":"linebreak","version":1},{"detail":0,"format":0,"mode":"normal","style":"","text":"The portal is geographically limited and dedicated only for developers from Baltics, Poland and Ukraine.","type":"text","version":1},{"type":"linebreak","version":1},{"type":"linebreak","version":1},{"detail":0,"format":0,"mode":"normal","style":"","text":"IT SKILL HOUSE is in IT contracting area for over 11 years now. So we believe that by now we have pretty good idea what independent developers as well as customers which buy such services need.","type":"text","version":1},{"type":"linebreak","version":1},{"type":"linebreak","version":1},{"detail":0,"format":0,"mode":"normal","style":"","text":"We always listen to suggestions from our developers and customers. So this portal is live and constantly improving.","type":"text","version":1}],"direction":null,"format":"","indent":0,"type":"paragraph","version":1,"textFormat":0,"textStyle":""}],"direction":null,"format":"","indent":0,"type":"root","version":1}}',14,'lt',4,NULL,NULL,NULL,NULL,1,1,NULL,NULL,NULL);
INSERT INTO "questions_locales" VALUES('What IT SKILL HOUSE does?','{"root":{"children":[{"children":[{"detail":0,"format":0,"mode":"normal","style":"","text":"IT SKILL HOUSE is an IT consulting company which operates in Lithuania since 2016. Company''s main goal is to help customers and independent developers (IT contractors) to find perfect match for ad-hoc efficient collaboration.","type":"text","version":1},{"type":"linebreak","version":1},{"type":"linebreak","version":1},{"detail":0,"format":0,"mode":"normal","style":"","text":"We help best IT contractors from Lithuania and neighbor countries to find interesting projects for temporary (hourly based) work with local and international companies and projects.","type":"text","version":1}],"direction":null,"format":"","indent":0,"type":"paragraph","version":1,"textFormat":0,"textStyle":""}],"direction":null,"format":"","indent":0,"type":"root","version":1}}',15,'en',6,NULL,NULL,NULL,NULL,1,1,NULL,NULL,NULL);
INSERT INTO "questions_locales" VALUES('Kas yra IT SKILL HOUSE?','{"root":{"children":[{"children":[{"detail":0,"format":0,"mode":"normal","style":"","text":"IT SKILL HOUSE is an IT consulting company which operates in Lithuania since 2016. Company''s main goal is to help customers and independent developers (IT contractors) to find perfect match for ad-hoc efficient collaboration.","type":"text","version":1},{"type":"linebreak","version":1},{"type":"linebreak","version":1},{"detail":0,"format":0,"mode":"normal","style":"","text":"We help best IT contractors from Lithuania and neighbor countries to find interesting projects for temporary (hourly based) work with local and international companies and projects.","type":"text","version":1}],"direction":null,"format":"","indent":0,"type":"paragraph","version":1,"textFormat":0,"textStyle":""},{"children":[],"direction":null,"format":"","indent":0,"type":"paragraph","version":1,"textFormat":0,"textStyle":""}],"direction":null,"format":"","indent":0,"type":"root","version":1}}',16,'lt',6,NULL,NULL,NULL,NULL,1,1,NULL,NULL,NULL);
CREATE TABLE `payload_kv` (
  	`id` integer PRIMARY KEY NOT NULL,
  	`key` text NOT NULL,
  	`data` text NOT NULL
  );
CREATE TABLE `home_page` (
  	`id` integer PRIMARY KEY NOT NULL,
  	`cta_href` text,
  	`updated_at` text,
  	`created_at` text
  , meta_title TEXT, meta_description TEXT, meta_image_id INTEGER REFERENCES media(id));
INSERT INTO "home_page" VALUES(1,NULL,'2026-02-26T06:35:13.546Z','2026-02-24T23:25:09.383Z',NULL,NULL,NULL);
CREATE TABLE `home_page_locales` (
  	`title` text NOT NULL,
  	`subtitle` text,
  	`cta_label` text,
  	`id` integer PRIMARY KEY NOT NULL,
  	`_locale` text NOT NULL,
  	`_parent_id` integer NOT NULL, `meta_title` text, `meta_description` text, `meta_image_id` integer REFERENCES media(id), `meta_canonical_url` text, `meta_robots_index` numeric DEFAULT 1, `meta_robots_follow` numeric DEFAULT 1, `meta_open_graph_type` text, `meta_twitter_card` text, `meta_structured_data_json` text,
  	FOREIGN KEY (`_parent_id`) REFERENCES `home_page`(`id`) ON UPDATE no action ON DELETE cascade
  );
INSERT INTO "home_page_locales" VALUES('Home','Home',NULL,1,'en',1,'Home | IT Skill House','IT Skill House services and content.',3,NULL,1,1,NULL,NULL,NULL);
INSERT INTO "home_page_locales" VALUES('Pagrindinis','Pagrindinis',NULL,2,'lt',1,'Pagrindinis | IT Skill House','IT Skill House services and content.',3,NULL,1,1,NULL,NULL,NULL);
CREATE TABLE `privacy_page` (
  	`id` integer PRIMARY KEY NOT NULL,
  	`version` text,
  	`updated_at` text,
  	`created_at` text
  , meta_title TEXT, meta_description TEXT, meta_image_id INTEGER REFERENCES media(id));
INSERT INTO "privacy_page" VALUES(1,'2026-01','2026-02-26T09:19:54.767Z','2026-02-24T23:26:11.060Z',NULL,NULL,NULL);
CREATE TABLE `privacy_page_locales` (
  	`title` text NOT NULL,
  	`body` text NOT NULL,
  	`id` integer PRIMARY KEY NOT NULL,
  	`_locale` text NOT NULL,
  	`_parent_id` integer NOT NULL, `meta_title` text, `meta_description` text, `meta_image_id` integer REFERENCES media(id), `meta_canonical_url` text, `meta_robots_index` numeric DEFAULT 1, `meta_robots_follow` numeric DEFAULT 1, `meta_open_graph_type` text, `meta_twitter_card` text, `meta_structured_data_json` text,
  	FOREIGN KEY (`_parent_id`) REFERENCES `privacy_page`(`id`) ON UPDATE no action ON DELETE cascade
  );
INSERT INTO "privacy_page_locales" VALUES('"IT SKILL HOUSE" applicants personal data processing procedure','{"root":{"children":[{"children":[{"detail":0,"format":0,"mode":"normal","style":"","text":"\"IT SKILL HOUSE\" applicants personal data processing procedure","type":"text","version":1}],"direction":null,"format":"","indent":0,"type":"heading","version":1,"tag":"h1"},{"children":[{"detail":0,"format":0,"mode":"normal","style":"","text":"General provisions","type":"text","version":1}],"direction":null,"format":"start","indent":0,"type":"heading","version":1,"tag":"h2"},{"children":[{"children":[{"detail":0,"format":0,"mode":"normal","style":"","text":"The applicants'' personal data processing procedure (hereinafter referred to as the ","type":"text","version":1},{"detail":0,"format":2,"mode":"normal","style":"","text":"Procedure","type":"text","version":1},{"detail":0,"format":0,"mode":"normal","style":"","text":") defines how ","type":"text","version":1},{"detail":0,"format":1,"mode":"normal","style":"","text":"“IT SKILL HOUSE”","type":"text","version":1},{"detail":0,"format":0,"mode":"normal","style":"","text":" (hereinafter referred to as the ","type":"text","version":1},{"detail":0,"format":2,"mode":"normal","style":"","text":"Company","type":"text","version":1},{"detail":0,"format":0,"mode":"normal","style":"","text":") processes applicants’ personal data.","type":"text","version":1}],"direction":null,"format":"start","indent":0,"type":"listitem","version":1,"value":1},{"children":[{"detail":0,"format":0,"mode":"normal","style":"","text":"The Procedure has been prepared in compliance with Regulation (EU) 2016/679 (GDPR), the Law on the Legal Protection of Personal Data of the Republic of Lithuania, and other legal acts governing personal data protection and processing.","type":"text","version":1}],"direction":null,"format":"start","indent":0,"type":"listitem","version":1,"value":2},{"children":[{"detail":0,"format":0,"mode":"normal","style":"","text":"The purpose of this Procedure is to inform job applicants (at the Company) about the processing of their personal data during and after personnel selection, and to define requirements for the Company’s HR staff responsible for organizing and executing selection.","type":"text","version":1}],"direction":null,"format":"start","indent":0,"type":"listitem","version":1,"value":3},{"children":[{"detail":0,"format":0,"mode":"normal","style":"","text":"This Procedure is published on the Company’s website, ","type":"text","version":1},{"children":[{"detail":0,"format":0,"mode":"normal","style":"","text":"itskillhouse.com","type":"text","version":1}],"direction":null,"format":"","indent":0,"type":"link","version":3,"fields":{"linkType":"custom","newTab":true,"url":"https://itskillhouse.com/"},"id":"69a00dabc497de1a0e8ff338"},{"detail":0,"format":0,"mode":"normal","style":"","text":", and in the Company’s public job advertisements.","type":"text","version":1}],"direction":null,"format":"start","indent":0,"type":"listitem","version":1,"value":4}],"direction":null,"format":"","indent":0,"type":"list","version":1,"listType":"number","start":1,"tag":"ol"},{"children":[{"detail":0,"format":0,"mode":"normal","style":"","text":"Processing of applicants’ personal data in selection procedures","type":"text","version":1}],"direction":null,"format":"start","indent":0,"type":"heading","version":1,"tag":"h2"},{"children":[{"children":[{"detail":0,"format":0,"mode":"normal","style":"","text":"Applicants who submit personal data for participation in selection are provided information on data processing as specified in Article 4.2 of the Regulation. This is done by including links to the Company’s Privacy Policy and/or this Procedure in job advertisements and in the Registration section of the IT-HR system.","type":"text","version":1}],"direction":null,"format":"start","indent":0,"type":"listitem","version":1,"value":1},{"children":[{"detail":0,"format":0,"mode":"normal","style":"","text":"If an applicant is recommended by a friend (an employee of the Company), that employee must first inform the applicant that their personal data (name, surname, email address, recommended position) will be provided to and processed by the Company under this Procedure. The employee must ensure the applicant has agreed to be recommended.","type":"text","version":1}],"direction":null,"format":"start","indent":0,"type":"listitem","version":1,"value":2},{"children":[{"detail":0,"format":0,"mode":"normal","style":"","text":"For managing selection procedures, the Company uses its own IT-HR system (hereinafter referred to as the ","type":"text","version":1},{"detail":0,"format":2,"mode":"normal","style":"","text":"System","type":"text","version":1},{"detail":0,"format":0,"mode":"normal","style":"","text":"), managed by ","type":"text","version":1},{"detail":0,"format":1,"mode":"normal","style":"","text":"IT SKILL HOUSE JSC","type":"text","version":1},{"detail":0,"format":0,"mode":"normal","style":"","text":", registered in Lithuania. Applicants may sign up by registering directly, applying through a job ad, or following a link sent by the Company via email or LinkedIn message. To sign up, applicants must review the Privacy Policy and Terms of Use.","type":"text","version":1}],"direction":null,"format":"start","indent":0,"type":"listitem","version":1,"value":3},{"children":[{"detail":0,"format":0,"mode":"normal","style":"","text":"Personal data is processed based on applicant consent, expressed by sending a CV and/or other data via email or LinkedIn, agreeing to recommendation by a friend, or signing up in the System and submitting personal data there.","type":"text","version":1}],"direction":null,"format":"start","indent":0,"type":"listitem","version":1,"value":4},{"children":[{"detail":0,"format":0,"mode":"normal","style":"","text":"The Company must keep evidence that the applicant has been informed about processing of their personal data.","type":"text","version":1}],"direction":null,"format":"start","indent":0,"type":"listitem","version":1,"value":5}],"direction":null,"format":"","indent":0,"type":"list","version":1,"listType":"number","start":1,"tag":"ol"},{"children":[{"detail":0,"format":0,"mode":"normal","style":"","text":"Processing of applicants’ personal data after selection","type":"text","version":1}],"direction":null,"format":"start","indent":0,"type":"heading","version":1,"tag":"h2"},{"children":[{"children":[{"detail":0,"format":0,"mode":"normal","style":"","text":"CVs and/or other data of applicants who registered (or agreed to be registered) in the System, or participated in selection for a specific position, may be retained for ","type":"text","version":1},{"detail":0,"format":1,"mode":"normal","style":"","text":"3 years","type":"text","version":1},{"detail":0,"format":0,"mode":"normal","style":"","text":" after consent is given.","type":"text","version":1}],"direction":null,"format":"start","indent":0,"type":"listitem","version":1,"value":1},{"children":[{"detail":0,"format":0,"mode":"normal","style":"","text":"If an applicant does not consent to retention, or requests retention to stop via email, their data must be destroyed (including paper data, mailbox content, and other storage media), except as provided in clause 3.5.","type":"text","version":1}],"direction":null,"format":"start","indent":0,"type":"listitem","version":1,"value":2},{"children":[{"detail":0,"format":0,"mode":"normal","style":"","text":"Data of applicants who submitted CVs and/or other data for possible future vacancies (not for a specific active selection) may also be retained for ","type":"text","version":1},{"detail":0,"format":1,"mode":"normal","style":"","text":"3 years","type":"text","version":1},{"detail":0,"format":0,"mode":"normal","style":"","text":", if consent is given.","type":"text","version":1}],"direction":null,"format":"start","indent":0,"type":"listitem","version":1,"value":3},{"children":[{"detail":0,"format":0,"mode":"normal","style":"","text":"The applicant may withdraw consent at any time by notifying the Company in writing via email and/or LinkedIn, rejecting consent in the System, or deleting their System account.","type":"text","version":1}],"direction":null,"format":"start","indent":0,"type":"listitem","version":1,"value":4},{"children":[{"detail":0,"format":0,"mode":"normal","style":"","text":"Based on legitimate interest, in individual cases (e.g., where a recruitment agency is entitled to payment for hires within a defined period), the Company may retain applicant data for ","type":"text","version":1},{"detail":0,"format":1,"mode":"normal","style":"","text":"1 year","type":"text","version":1},{"detail":0,"format":0,"mode":"normal","style":"","text":" after selection ends and process it for communication traceability.","type":"text","version":1}],"direction":null,"format":"start","indent":0,"type":"listitem","version":1,"value":5}],"direction":null,"format":"","indent":0,"type":"list","version":1,"listType":"number","start":1,"tag":"ol"},{"children":[{"detail":0,"format":0,"mode":"normal","style":"","text":"Categories of personal data, purposes, and sources","type":"text","version":1}],"direction":null,"format":"start","indent":0,"type":"heading","version":1,"tag":"h2"},{"children":[{"children":[{"detail":0,"format":0,"mode":"normal","style":"","text":"The Company processes only personal data related to applicants’ qualifications, professional skills, and business qualities, except where law provides otherwise. Information on private life is not collected unless relevant to these criteria.","type":"text","version":1}],"direction":null,"format":"start","indent":0,"type":"listitem","version":1,"value":1},{"children":[{"detail":0,"format":0,"mode":"normal","style":"","text":"The Company may process:","type":"text","version":1}],"direction":null,"format":"start","indent":0,"type":"listitem","version":1,"value":2},{"children":[{"children":[{"children":[{"detail":0,"format":0,"mode":"normal","style":"","text":"Name, surname, email, phone number, expected position, education, professional experience, qualifications, CV and cover letter content, applicant comments.","type":"text","version":1}],"direction":null,"format":"","indent":1,"type":"listitem","version":1,"value":1},{"children":[{"detail":0,"format":0,"mode":"normal","style":"","text":"Recommendations and previous employer responses, including sender identification, sender contact details, and content.","type":"text","version":1}],"direction":null,"format":"","indent":1,"type":"listitem","version":1,"value":2},{"children":[{"detail":0,"format":0,"mode":"normal","style":"","text":"Applicant rating information: interviewer insights/opinions, test results, and responses.","type":"text","version":1}],"direction":null,"format":"","indent":1,"type":"listitem","version":1,"value":3}],"direction":null,"format":"","indent":0,"type":"list","version":1,"listType":"bullet","start":1,"tag":"ul"}],"direction":null,"format":"start","indent":0,"type":"listitem","version":1,"value":3},{"children":[{"detail":0,"format":0,"mode":"normal","style":"","text":"The Company does ","type":"text","version":1},{"detail":0,"format":1,"mode":"normal","style":"","text":"not","type":"text","version":1},{"detail":0,"format":0,"mode":"normal","style":"","text":" process special categories of personal data or data on convictions/criminal acts, except where legally required for statutory role requirements or other legal grounds.","type":"text","version":1}],"direction":null,"format":"start","indent":0,"type":"listitem","version":1,"value":3},{"children":[{"detail":0,"format":0,"mode":"normal","style":"","text":"Special categories (racial/ethnic origin, political opinions, religious/philosophical beliefs, trade union membership, genetic/biometric data, health data, sex life/sexual orientation) must not be processed unless allowed by law.","type":"text","version":1}],"direction":null,"format":"start","indent":0,"type":"listitem","version":1,"value":4},{"children":[{"detail":0,"format":0,"mode":"normal","style":"","text":"The Company does not check applicants’ Facebook, Twitter, or other social networks (except LinkedIn), since such data is generally unrelated to qualifications and professional suitability.","type":"text","version":1}],"direction":null,"format":"start","indent":0,"type":"listitem","version":1,"value":5},{"children":[{"detail":0,"format":0,"mode":"normal","style":"","text":"Data listed in clause 4.2 may be processed to:","type":"text","version":1}],"direction":null,"format":"start","indent":0,"type":"listitem","version":1,"value":6},{"children":[{"children":[{"children":[{"detail":0,"format":0,"mode":"normal","style":"","text":"Identify the applicant,","type":"text","version":1}],"direction":null,"format":"","indent":1,"type":"listitem","version":1,"value":1},{"children":[{"detail":0,"format":0,"mode":"normal","style":"","text":"Communicate with the applicant,","type":"text","version":1}],"direction":null,"format":"","indent":1,"type":"listitem","version":1,"value":2},{"children":[{"detail":0,"format":0,"mode":"normal","style":"","text":"Assess qualifications, experience, and suitability for a specific position.","type":"text","version":1}],"direction":null,"format":"","indent":1,"type":"listitem","version":1,"value":3}],"direction":null,"format":"","indent":0,"type":"list","version":1,"listType":"bullet","start":1,"tag":"ul"}],"direction":null,"format":"start","indent":0,"type":"listitem","version":1,"value":7},{"children":[{"detail":0,"format":0,"mode":"normal","style":"","text":"The Company may receive applicant data (CV, questionnaire, cover letter, etc.) directly from the applicant via email, System registration, and/or LinkedIn.","type":"text","version":1}],"direction":null,"format":"start","indent":0,"type":"listitem","version":1,"value":7},{"children":[{"detail":0,"format":0,"mode":"normal","style":"","text":"The Company may also obtain data from the System and from job search/selection/mediation providers (e.g., recruitment agencies, job portals, career social networks).","type":"text","version":1}],"direction":null,"format":"start","indent":0,"type":"listitem","version":1,"value":8},{"children":[{"detail":0,"format":0,"mode":"normal","style":"","text":"The Company may collect qualification/professional data from the applicant’s current employer only after obtaining applicant consent (written, email, or other provable form).","type":"text","version":1}],"direction":null,"format":"start","indent":0,"type":"listitem","version":1,"value":9},{"children":[{"detail":0,"format":0,"mode":"normal","style":"","text":"The Company may collect qualification/professional data from previous employers without consent, provided the applicant is informed about that source.","type":"text","version":1}],"direction":null,"format":"start","indent":0,"type":"listitem","version":1,"value":10}],"direction":null,"format":"","indent":0,"type":"list","version":1,"listType":"number","start":1,"tag":"ol"},{"children":[{"detail":0,"format":0,"mode":"normal","style":"","text":"Provision of applicant data to third parties","type":"text","version":1}],"direction":null,"format":"start","indent":0,"type":"heading","version":1,"tag":"h2"},{"children":[{"children":[{"detail":0,"format":0,"mode":"normal","style":"","text":"The Company may share applicants’ general (publicly available) data with third parties (e.g., clients where the applicant may participate in service delivery).","type":"text","version":1}],"direction":null,"format":"start","indent":0,"type":"listitem","version":1,"value":1},{"children":[{"detail":0,"format":0,"mode":"normal","style":"","text":"In line with privacy legislation, the Company signs appropriate data processing/data transfer agreements with third-party providers, including standard contractual clauses for transfers outside the EEA where required.","type":"text","version":1}],"direction":null,"format":"start","indent":0,"type":"listitem","version":1,"value":2},{"children":[{"detail":0,"format":0,"mode":"normal","style":"","text":"The Company also signs data processing agreements with IT/server providers, system administrators, and other supporting service providers that process data under Company instructions.","type":"text","version":1}],"direction":null,"format":"start","indent":0,"type":"listitem","version":1,"value":3},{"children":[{"detail":0,"format":0,"mode":"normal","style":"","text":"Applicant data may be provided to competent authorities/law enforcement/supervisory bodies only under lawful request or where required by law to protect Company rights, customer/employee/resource safety, or to establish, file, or defend legal claims.","type":"text","version":1}],"direction":null,"format":"start","indent":0,"type":"listitem","version":1,"value":4}],"direction":null,"format":"","indent":0,"type":"list","version":1,"listType":"number","start":1,"tag":"ol"},{"children":[{"detail":0,"format":0,"mode":"normal","style":"","text":"Final provisions","type":"text","version":1}],"direction":null,"format":"start","indent":0,"type":"heading","version":1,"tag":"h2"},{"children":[{"children":[{"detail":0,"format":0,"mode":"normal","style":"","text":"The Procedure is reviewed and, if needed, updated at least once per year. Review triggers include legal changes, practice changes, or changes in Company processing activities.","type":"text","version":1}],"direction":null,"format":"start","indent":0,"type":"listitem","version":1,"value":1},{"children":[{"detail":0,"format":0,"mode":"normal","style":"","text":"The Procedure and amendments are approved by the Company CEO.","type":"text","version":1}],"direction":null,"format":"start","indent":0,"type":"listitem","version":1,"value":2},{"children":[{"detail":0,"format":0,"mode":"normal","style":"","text":"For questions about applicants’ personal data processing, applicants are encouraged to contact: ","type":"text","version":1},{"children":[{"detail":0,"format":1,"mode":"normal","style":"","text":"info@itskillhouse.com","type":"text","version":1}],"direction":null,"format":"","indent":0,"type":"link","version":3,"fields":{"linkType":"custom","newTab":true,"url":"mailto:info@itskillhouse.com"},"id":"69a00dabc497de1a0e8ff339"},{"detail":0,"format":0,"mode":"normal","style":"","text":".","type":"text","version":1}],"direction":null,"format":"start","indent":0,"type":"listitem","version":1,"value":3}],"direction":null,"format":"","indent":0,"type":"list","version":1,"listType":"number","start":1,"tag":"ol"}],"direction":null,"format":"","indent":0,"type":"root","version":1}}',1,'en',1,'"IT SKILL HOUSE" applicants personal data processing procedure | IT Skill House','info@itskillhouse.com In case of any questions related to processing the applicants'' personal data, applicants are recommended to contact the Company via…',3,NULL,1,1,NULL,NULL,NULL);
INSERT INTO "privacy_page_locales" VALUES('"IT SKILL HOUSE" applicants personal data processing procedure','{"root":{"children":[{"children":[{"detail":0,"format":0,"mode":"normal","style":"","text":"\"IT SKILL HOUSE\" applicants personal data processing procedure","type":"text","version":1}],"direction":null,"format":"","indent":0,"type":"heading","version":1,"tag":"h1"},{"children":[{"detail":0,"format":0,"mode":"normal","style":"","text":"General provisions","type":"text","version":1}],"direction":null,"format":"start","indent":0,"type":"heading","version":1,"tag":"h2"},{"children":[{"children":[{"detail":0,"format":0,"mode":"normal","style":"","text":"The applicants'' personal data processing procedure (hereinafter referred to as the ","type":"text","version":1},{"detail":0,"format":2,"mode":"normal","style":"","text":"Procedure","type":"text","version":1},{"detail":0,"format":0,"mode":"normal","style":"","text":") defines how ","type":"text","version":1},{"detail":0,"format":1,"mode":"normal","style":"","text":"“IT SKILL HOUSE”","type":"text","version":1},{"detail":0,"format":0,"mode":"normal","style":"","text":" (hereinafter referred to as the ","type":"text","version":1},{"detail":0,"format":2,"mode":"normal","style":"","text":"Company","type":"text","version":1},{"detail":0,"format":0,"mode":"normal","style":"","text":") processes applicants’ personal data.","type":"text","version":1}],"direction":null,"format":"start","indent":0,"type":"listitem","version":1,"value":1},{"children":[{"detail":0,"format":0,"mode":"normal","style":"","text":"The Procedure has been prepared in compliance with Regulation (EU) 2016/679 (GDPR), the Law on the Legal Protection of Personal Data of the Republic of Lithuania, and other legal acts governing personal data protection and processing.","type":"text","version":1}],"direction":null,"format":"start","indent":0,"type":"listitem","version":1,"value":2},{"children":[{"detail":0,"format":0,"mode":"normal","style":"","text":"The purpose of this Procedure is to inform job applicants (at the Company) about the processing of their personal data during and after personnel selection, and to define requirements for the Company’s HR staff responsible for organizing and executing selection.","type":"text","version":1}],"direction":null,"format":"start","indent":0,"type":"listitem","version":1,"value":3},{"children":[{"detail":0,"format":0,"mode":"normal","style":"","text":"This Procedure is published on the Company’s website, ","type":"text","version":1},{"children":[{"detail":0,"format":0,"mode":"normal","style":"","text":"itskillhouse.com","type":"text","version":1}],"direction":null,"format":"","indent":0,"type":"link","version":3,"fields":{"linkType":"custom","newTab":true,"url":"https://itskillhouse.com/"},"id":"69a01033c497de1a0e8ff33a"},{"detail":0,"format":0,"mode":"normal","style":"","text":", and in the Company’s public job advertisements.","type":"text","version":1}],"direction":null,"format":"start","indent":0,"type":"listitem","version":1,"value":4}],"direction":null,"format":"","indent":0,"type":"list","version":1,"listType":"number","start":1,"tag":"ol"},{"children":[{"detail":0,"format":0,"mode":"normal","style":"","text":"Processing of applicants’ personal data in selection procedures","type":"text","version":1}],"direction":null,"format":"start","indent":0,"type":"heading","version":1,"tag":"h2"},{"children":[{"children":[{"detail":0,"format":0,"mode":"normal","style":"","text":"Applicants who submit personal data for participation in selection are provided information on data processing as specified in Article 4.2 of the Regulation. This is done by including links to the Company’s Privacy Policy and/or this Procedure in job advertisements and in the Registration section of the IT-HR system.","type":"text","version":1}],"direction":null,"format":"start","indent":0,"type":"listitem","version":1,"value":1},{"children":[{"detail":0,"format":0,"mode":"normal","style":"","text":"If an applicant is recommended by a friend (an employee of the Company), that employee must first inform the applicant that their personal data (name, surname, email address, recommended position) will be provided to and processed by the Company under this Procedure. The employee must ensure the applicant has agreed to be recommended.","type":"text","version":1}],"direction":null,"format":"start","indent":0,"type":"listitem","version":1,"value":2},{"children":[{"detail":0,"format":0,"mode":"normal","style":"","text":"For managing selection procedures, the Company uses its own IT-HR system (hereinafter referred to as the ","type":"text","version":1},{"detail":0,"format":2,"mode":"normal","style":"","text":"System","type":"text","version":1},{"detail":0,"format":0,"mode":"normal","style":"","text":"), managed by ","type":"text","version":1},{"detail":0,"format":1,"mode":"normal","style":"","text":"IT SKILL HOUSE JSC","type":"text","version":1},{"detail":0,"format":0,"mode":"normal","style":"","text":", registered in Lithuania. Applicants may sign up by registering directly, applying through a job ad, or following a link sent by the Company via email or LinkedIn message. To sign up, applicants must review the Privacy Policy and Terms of Use.","type":"text","version":1}],"direction":null,"format":"start","indent":0,"type":"listitem","version":1,"value":3},{"children":[{"detail":0,"format":0,"mode":"normal","style":"","text":"Personal data is processed based on applicant consent, expressed by sending a CV and/or other data via email or LinkedIn, agreeing to recommendation by a friend, or signing up in the System and submitting personal data there.","type":"text","version":1}],"direction":null,"format":"start","indent":0,"type":"listitem","version":1,"value":4},{"children":[{"detail":0,"format":0,"mode":"normal","style":"","text":"The Company must keep evidence that the applicant has been informed about processing of their personal data.","type":"text","version":1}],"direction":null,"format":"start","indent":0,"type":"listitem","version":1,"value":5}],"direction":null,"format":"","indent":0,"type":"list","version":1,"listType":"number","start":1,"tag":"ol"},{"children":[{"detail":0,"format":0,"mode":"normal","style":"","text":"Processing of applicants’ personal data after selection","type":"text","version":1}],"direction":null,"format":"start","indent":0,"type":"heading","version":1,"tag":"h2"},{"children":[{"children":[{"detail":0,"format":0,"mode":"normal","style":"","text":"CVs and/or other data of applicants who registered (or agreed to be registered) in the System, or participated in selection for a specific position, may be retained for ","type":"text","version":1},{"detail":0,"format":1,"mode":"normal","style":"","text":"3 years","type":"text","version":1},{"detail":0,"format":0,"mode":"normal","style":"","text":" after consent is given.","type":"text","version":1}],"direction":null,"format":"start","indent":0,"type":"listitem","version":1,"value":1},{"children":[{"detail":0,"format":0,"mode":"normal","style":"","text":"If an applicant does not consent to retention, or requests retention to stop via email, their data must be destroyed (including paper data, mailbox content, and other storage media), except as provided in clause 3.5.","type":"text","version":1}],"direction":null,"format":"start","indent":0,"type":"listitem","version":1,"value":2},{"children":[{"detail":0,"format":0,"mode":"normal","style":"","text":"Data of applicants who submitted CVs and/or other data for possible future vacancies (not for a specific active selection) may also be retained for ","type":"text","version":1},{"detail":0,"format":1,"mode":"normal","style":"","text":"3 years","type":"text","version":1},{"detail":0,"format":0,"mode":"normal","style":"","text":", if consent is given.","type":"text","version":1}],"direction":null,"format":"start","indent":0,"type":"listitem","version":1,"value":3},{"children":[{"detail":0,"format":0,"mode":"normal","style":"","text":"The applicant may withdraw consent at any time by notifying the Company in writing via email and/or LinkedIn, rejecting consent in the System, or deleting their System account.","type":"text","version":1}],"direction":null,"format":"start","indent":0,"type":"listitem","version":1,"value":4},{"children":[{"detail":0,"format":0,"mode":"normal","style":"","text":"Based on legitimate interest, in individual cases (e.g., where a recruitment agency is entitled to payment for hires within a defined period), the Company may retain applicant data for ","type":"text","version":1},{"detail":0,"format":1,"mode":"normal","style":"","text":"1 year","type":"text","version":1},{"detail":0,"format":0,"mode":"normal","style":"","text":" after selection ends and process it for communication traceability.","type":"text","version":1}],"direction":null,"format":"start","indent":0,"type":"listitem","version":1,"value":5}],"direction":null,"format":"","indent":0,"type":"list","version":1,"listType":"number","start":1,"tag":"ol"},{"children":[{"detail":0,"format":0,"mode":"normal","style":"","text":"Categories of personal data, purposes, and sources","type":"text","version":1}],"direction":null,"format":"start","indent":0,"type":"heading","version":1,"tag":"h2"},{"children":[{"children":[{"detail":0,"format":0,"mode":"normal","style":"","text":"The Company processes only personal data related to applicants’ qualifications, professional skills, and business qualities, except where law provides otherwise. Information on private life is not collected unless relevant to these criteria.","type":"text","version":1}],"direction":null,"format":"start","indent":0,"type":"listitem","version":1,"value":1},{"children":[{"detail":0,"format":0,"mode":"normal","style":"","text":"The Company may process:","type":"text","version":1}],"direction":null,"format":"start","indent":0,"type":"listitem","version":1,"value":2},{"children":[{"children":[{"children":[{"detail":0,"format":0,"mode":"normal","style":"","text":"Name, surname, email, phone number, expected position, education, professional experience, qualifications, CV and cover letter content, applicant comments.","type":"text","version":1}],"direction":null,"format":"","indent":1,"type":"listitem","version":1,"value":1},{"children":[{"detail":0,"format":0,"mode":"normal","style":"","text":"Recommendations and previous employer responses, including sender identification, sender contact details, and content.","type":"text","version":1}],"direction":null,"format":"","indent":1,"type":"listitem","version":1,"value":2},{"children":[{"detail":0,"format":0,"mode":"normal","style":"","text":"Applicant rating information: interviewer insights/opinions, test results, and responses.","type":"text","version":1}],"direction":null,"format":"","indent":1,"type":"listitem","version":1,"value":3}],"direction":null,"format":"","indent":0,"type":"list","version":1,"listType":"bullet","start":1,"tag":"ul"}],"direction":null,"format":"start","indent":0,"type":"listitem","version":1,"value":3},{"children":[{"detail":0,"format":0,"mode":"normal","style":"","text":"The Company does ","type":"text","version":1},{"detail":0,"format":1,"mode":"normal","style":"","text":"not","type":"text","version":1},{"detail":0,"format":0,"mode":"normal","style":"","text":" process special categories of personal data or data on convictions/criminal acts, except where legally required for statutory role requirements or other legal grounds.","type":"text","version":1}],"direction":null,"format":"start","indent":0,"type":"listitem","version":1,"value":3},{"children":[{"detail":0,"format":0,"mode":"normal","style":"","text":"Special categories (racial/ethnic origin, political opinions, religious/philosophical beliefs, trade union membership, genetic/biometric data, health data, sex life/sexual orientation) must not be processed unless allowed by law.","type":"text","version":1}],"direction":null,"format":"start","indent":0,"type":"listitem","version":1,"value":4},{"children":[{"detail":0,"format":0,"mode":"normal","style":"","text":"The Company does not check applicants’ Facebook, Twitter, or other social networks (except LinkedIn), since such data is generally unrelated to qualifications and professional suitability.","type":"text","version":1}],"direction":null,"format":"start","indent":0,"type":"listitem","version":1,"value":5},{"children":[{"detail":0,"format":0,"mode":"normal","style":"","text":"Data listed in clause 4.2 may be processed to:","type":"text","version":1}],"direction":null,"format":"start","indent":0,"type":"listitem","version":1,"value":6},{"children":[{"children":[{"children":[{"detail":0,"format":0,"mode":"normal","style":"","text":"Identify the applicant,","type":"text","version":1}],"direction":null,"format":"","indent":1,"type":"listitem","version":1,"value":1},{"children":[{"detail":0,"format":0,"mode":"normal","style":"","text":"Communicate with the applicant,","type":"text","version":1}],"direction":null,"format":"","indent":1,"type":"listitem","version":1,"value":2},{"children":[{"detail":0,"format":0,"mode":"normal","style":"","text":"Assess qualifications, experience, and suitability for a specific position.","type":"text","version":1}],"direction":null,"format":"","indent":1,"type":"listitem","version":1,"value":3}],"direction":null,"format":"","indent":0,"type":"list","version":1,"listType":"bullet","start":1,"tag":"ul"}],"direction":null,"format":"start","indent":0,"type":"listitem","version":1,"value":7},{"children":[{"detail":0,"format":0,"mode":"normal","style":"","text":"The Company may receive applicant data (CV, questionnaire, cover letter, etc.) directly from the applicant via email, System registration, and/or LinkedIn.","type":"text","version":1}],"direction":null,"format":"start","indent":0,"type":"listitem","version":1,"value":7},{"children":[{"detail":0,"format":0,"mode":"normal","style":"","text":"The Company may also obtain data from the System and from job search/selection/mediation providers (e.g., recruitment agencies, job portals, career social networks).","type":"text","version":1}],"direction":null,"format":"start","indent":0,"type":"listitem","version":1,"value":8},{"children":[{"detail":0,"format":0,"mode":"normal","style":"","text":"The Company may collect qualification/professional data from the applicant’s current employer only after obtaining applicant consent (written, email, or other provable form).","type":"text","version":1}],"direction":null,"format":"start","indent":0,"type":"listitem","version":1,"value":9},{"children":[{"detail":0,"format":0,"mode":"normal","style":"","text":"The Company may collect qualification/professional data from previous employers without consent, provided the applicant is informed about that source.","type":"text","version":1}],"direction":null,"format":"start","indent":0,"type":"listitem","version":1,"value":10}],"direction":null,"format":"","indent":0,"type":"list","version":1,"listType":"number","start":1,"tag":"ol"},{"children":[{"detail":0,"format":0,"mode":"normal","style":"","text":"Provision of applicant data to third parties","type":"text","version":1}],"direction":null,"format":"start","indent":0,"type":"heading","version":1,"tag":"h2"},{"children":[{"children":[{"detail":0,"format":0,"mode":"normal","style":"","text":"The Company may share applicants’ general (publicly available) data with third parties (e.g., clients where the applicant may participate in service delivery).","type":"text","version":1}],"direction":null,"format":"start","indent":0,"type":"listitem","version":1,"value":1},{"children":[{"detail":0,"format":0,"mode":"normal","style":"","text":"In line with privacy legislation, the Company signs appropriate data processing/data transfer agreements with third-party providers, including standard contractual clauses for transfers outside the EEA where required.","type":"text","version":1}],"direction":null,"format":"start","indent":0,"type":"listitem","version":1,"value":2},{"children":[{"detail":0,"format":0,"mode":"normal","style":"","text":"The Company also signs data processing agreements with IT/server providers, system administrators, and other supporting service providers that process data under Company instructions.","type":"text","version":1}],"direction":null,"format":"start","indent":0,"type":"listitem","version":1,"value":3},{"children":[{"detail":0,"format":0,"mode":"normal","style":"","text":"Applicant data may be provided to competent authorities/law enforcement/supervisory bodies only under lawful request or where required by law to protect Company rights, customer/employee/resource safety, or to establish, file, or defend legal claims.","type":"text","version":1}],"direction":null,"format":"start","indent":0,"type":"listitem","version":1,"value":4}],"direction":null,"format":"","indent":0,"type":"list","version":1,"listType":"number","start":1,"tag":"ol"},{"children":[{"detail":0,"format":0,"mode":"normal","style":"","text":"Final provisions","type":"text","version":1}],"direction":null,"format":"start","indent":0,"type":"heading","version":1,"tag":"h2"},{"children":[{"children":[{"detail":0,"format":0,"mode":"normal","style":"","text":"The Procedure is reviewed and, if needed, updated at least once per year. Review triggers include legal changes, practice changes, or changes in Company processing activities.","type":"text","version":1}],"direction":null,"format":"start","indent":0,"type":"listitem","version":1,"value":1},{"children":[{"detail":0,"format":0,"mode":"normal","style":"","text":"The Procedure and amendments are approved by the Company CEO.","type":"text","version":1}],"direction":null,"format":"start","indent":0,"type":"listitem","version":1,"value":2},{"children":[{"detail":0,"format":0,"mode":"normal","style":"","text":"For questions about applicants’ personal data processing, applicants are encouraged to contact: ","type":"text","version":1},{"children":[{"detail":0,"format":1,"mode":"normal","style":"","text":"info@itskillhouse.com","type":"text","version":1}],"direction":null,"format":"","indent":0,"type":"link","version":3,"fields":{"linkType":"custom","newTab":true,"url":"mailto:info@itskillhouse.com"},"id":"69a01033c497de1a0e8ff33b"},{"detail":0,"format":0,"mode":"normal","style":"","text":".","type":"text","version":1}],"direction":null,"format":"start","indent":0,"type":"listitem","version":1,"value":3}],"direction":null,"format":"","indent":0,"type":"list","version":1,"listType":"number","start":1,"tag":"ol"}],"direction":null,"format":"","indent":0,"type":"root","version":1}}',2,'lt',1,'"IT SKILL HOUSE" applicants personal data processing procedure | IT Skill House','info@itskillhouse.com In case of any questions related to processing the applicants'' personal data, applicants are recommended to contact the Company via…',3,NULL,1,1,NULL,NULL,NULL);
CREATE TABLE IF NOT EXISTS "articles_locales" (
  	`title` text NOT NULL,
  	`excerpt` text,
  	`body` text NOT NULL,
  	`id` integer PRIMARY KEY NOT NULL,
  	`_locale` text NOT NULL,
  	`_parent_id` integer NOT NULL, `meta_title` text, `meta_description` text, `meta_image_id` integer REFERENCES media(id), `meta_canonical_url` text, `meta_robots_index` numeric DEFAULT 1, `meta_robots_follow` numeric DEFAULT 1, `meta_open_graph_type` text, `meta_twitter_card` text, `meta_structured_data_json` text, `slug` text,
  	FOREIGN KEY (`_parent_id`) REFERENCES "articles"(`id`) ON UPDATE no action ON DELETE cascade
  );
INSERT INTO "articles_locales" VALUES('Article 2','Article 2 excerpt','{"root":{"children":[{"children":[{"detail":0,"format":0,"mode":"normal","style":"","text":"Article 2 content","type":"text","version":1}],"direction":null,"format":"","indent":0,"type":"paragraph","version":1,"textFormat":0,"textStyle":""}],"direction":null,"format":"","indent":0,"type":"root","version":1}}',3,'en',3,NULL,NULL,NULL,NULL,1,1,NULL,NULL,NULL,'article-2');
INSERT INTO "articles_locales" VALUES('Straipsnis 2','Straipsnis 2 santrauka','{"root":{"children":[{"children":[{"detail":0,"format":0,"mode":"normal","style":"","text":"Straipsnis 2 turinys","type":"text","version":1}],"direction":null,"format":"","indent":0,"type":"paragraph","version":1,"textFormat":0,"textStyle":""}],"direction":null,"format":"","indent":0,"type":"root","version":1}}',4,'lt',3,NULL,NULL,NULL,NULL,1,1,NULL,NULL,NULL,'straipsnis-2');
INSERT INTO "articles_locales" VALUES('IT SKILL HOUSE įgyvendina ES lėšomis finansuojamą projektą',replace('UAB "IT SKILL HOUSE" įgyvendina ES struktūrinėmis lėšomis finansuojamą projektą Nr. IT SKILL HOUSE\n"Programinės įrangos kūrimo užsakymo proceso skaitmenizavimas". Bendra projekto vertė - 120 500,00 Eur, iš\nkurių 60 250,00 Eur sudaro Europos regioninės plėtros fondo lėšos.','\n',char(10)),'{"root":{"children":[{"children":[{"detail":0,"format":0,"mode":"normal","style":"","text":"IT SKILL HOUSE įgyvendina ES lėšomis finansuojamą projektą","type":"text","version":1}],"direction":null,"format":"","indent":0,"type":"heading","version":1,"tag":"h1"},{"children":[{"detail":0,"format":0,"mode":"normal","style":"","text":"UAB \"IT SKILL HOUSE\" įgyvendina ES struktūrinėmis lėšomis finansuojamą projektą Nr. IT SKILL HOUSE","type":"text","version":1}],"direction":null,"format":"","indent":0,"type":"paragraph","version":1,"textFormat":0,"textStyle":""},{"children":[{"detail":0,"format":0,"mode":"normal","style":"","text":"\"Programinės įrangos kūrimo užsakymo proceso skaitmenizavimas\". Bendra projekto vertė - 120 500,00 Eur, iš","type":"text","version":1}],"direction":null,"format":"","indent":0,"type":"paragraph","version":1,"textFormat":0,"textStyle":""},{"children":[{"detail":0,"format":0,"mode":"normal","style":"","text":"kurių 60 250,00 Eur sudaro Europos regioninės plėtros fondo lėšos.","type":"text","version":1}],"direction":null,"format":"","indent":0,"type":"paragraph","version":1,"textFormat":0,"textStyle":""},{"children":[],"direction":null,"format":"","indent":0,"type":"paragraph","version":1,"textFormat":0,"textStyle":""},{"children":[{"detail":0,"format":0,"mode":"normal","style":"","text":"Parama projekto įgyvendinimui suteikta pagal 2014-2020 metų Europos Sąjungos fondų investicijų veiksmų","type":"text","version":1}],"direction":null,"format":"","indent":0,"type":"paragraph","version":1,"textFormat":0,"textStyle":""},{"children":[{"detail":0,"format":0,"mode":"normal","style":"","text":"programos 13 prioriteto \"Veiksmų, skirtų COVID-19 pandemijos sukeltai krizei įveikti, skatinimas ir","type":"text","version":1}],"direction":null,"format":"","indent":0,"type":"paragraph","version":1,"textFormat":0,"textStyle":""},{"children":[{"detail":0,"format":0,"mode":"normal","style":"","text":"pasirengimas aplinką tausojančiam, skaitmeniniam ir tvariam ekonomikos atsigavimui\" priemonę Nr.","type":"text","version":1}],"direction":null,"format":"","indent":0,"type":"paragraph","version":1,"textFormat":0,"textStyle":""},{"children":[{"detail":0,"format":0,"mode":"normal","style":"","text":"13.1.1-LVPA-K-310 \"Paskatos kultūros ir kūrybinių industrijų sektoriui kurti konkurencingus kultūros","type":"text","version":1}],"direction":null,"format":"","indent":0,"type":"paragraph","version":1,"textFormat":0,"textStyle":""},{"children":[{"detail":0,"format":0,"mode":"normal","style":"","text":"produktus\". Projektas yra finansuojamas Europos regioninės plėtros fondo lėšomis. Finansuojama kaip Europos","type":"text","version":1}],"direction":null,"format":"","indent":0,"type":"paragraph","version":1,"textFormat":0,"textStyle":""},{"children":[{"detail":0,"format":0,"mode":"normal","style":"","text":"Sąjungos atsako į COVID-19 pandemiją priemonė.","type":"text","version":1}],"direction":null,"format":"","indent":0,"type":"paragraph","version":1,"textFormat":0,"textStyle":""},{"children":[],"direction":null,"format":"","indent":0,"type":"paragraph","version":1,"textFormat":0,"textStyle":""},{"children":[{"detail":0,"format":0,"mode":"normal","style":"","text":"Projekto tikslas - kurti naujus, aukštos pridėtinės vertės, konkurencingus kultūros ir kūrybinio turinio ir","type":"text","version":1}],"direction":null,"format":"","indent":0,"type":"paragraph","version":1,"textFormat":0,"textStyle":""},{"children":[{"detail":0,"format":0,"mode":"normal","style":"","text":"formos produktus, investuojant į naują konkurencingo skaitmeninio kultūros ir kūrybinio turinio ir formos","type":"text","version":1}],"direction":null,"format":"","indent":0,"type":"paragraph","version":1,"textFormat":0,"textStyle":""},{"children":[{"detail":0,"format":0,"mode":"normal","style":"","text":"produktą. Įmonė siekia skaitmenizuoti informacinių technologijų užsakymo paslaugas, t. y. perkelti paslaugas","type":"text","version":1}],"direction":null,"format":"","indent":0,"type":"paragraph","version":1,"textFormat":0,"textStyle":""},{"children":[{"detail":0,"format":0,"mode":"normal","style":"","text":"iš fizinės aplinkos į skaitmeninę platformą, kuri būtų patogi ir prieinama naudotojui interneto aplinkoje.","type":"text","version":1}],"direction":null,"format":"","indent":0,"type":"paragraph","version":1,"textFormat":0,"textStyle":""},{"children":[{"detail":0,"format":0,"mode":"normal","style":"","text":"Projekto metu bus sukurta skaitmeninė platforma, programinės įrangos kūrimo užsakymo proceso valdymui ir","type":"text","version":1}],"direction":null,"format":"","indent":0,"type":"paragraph","version":1,"textFormat":0,"textStyle":""},{"children":[{"detail":0,"format":0,"mode":"normal","style":"","text":"įdiegta įmonės infrastruktūroje.","type":"text","version":1}],"direction":null,"format":"","indent":0,"type":"paragraph","version":1,"textFormat":0,"textStyle":""},{"children":[],"direction":null,"format":"","indent":0,"type":"paragraph","version":1,"textFormat":0,"textStyle":""},{"children":[{"detail":0,"format":0,"mode":"normal","style":"","text":"Paslaugų proceso teikimo skaitmenizavimas padidins programavimo paslaugų prieinamumą klientui bei atvers","type":"text","version":1}],"direction":null,"format":"","indent":0,"type":"paragraph","version":1,"textFormat":0,"textStyle":""},{"children":[{"detail":0,"format":0,"mode":"normal","style":"","text":"prieigą prie paslaugos atlikimo kontrolės. Platforma palengvins programavimo darbų užsakymą klientams, įneš","type":"text","version":1}],"direction":null,"format":"","indent":0,"type":"paragraph","version":1,"textFormat":0,"textStyle":""},{"children":[{"detail":0,"format":0,"mode":"normal","style":"","text":"daugiau aiškumo ir skaidrumo bei leis klientams ir programuotojams racionaliai planuoti savo laiką.","type":"text","version":1}],"direction":null,"format":"","indent":0,"type":"paragraph","version":1,"textFormat":0,"textStyle":""},{"children":[{"detail":0,"format":0,"mode":"normal","style":"","text":"Skaitmeninė platforma supaprastins paslaugos užsakymo būdą, suteiks tiesioginę prieigą prie programuotojų","type":"text","version":1}],"direction":null,"format":"","indent":0,"type":"paragraph","version":1,"textFormat":0,"textStyle":""},{"children":[{"detail":0,"format":0,"mode":"normal","style":"","text":"komandos bei galimybę stebėti programavimo darbų eigą, o paslaugos tiekėjui realiu laiku ir operatyviai","type":"text","version":1}],"direction":null,"format":"","indent":0,"type":"paragraph","version":1,"textFormat":0,"textStyle":""},{"children":[{"detail":0,"format":0,"mode":"normal","style":"","text":"reaguoti į klientų užklausas. Pareiškėjui šis skaitmeninis sprendimas padės taupyti resursus, sklandžiau","type":"text","version":1}],"direction":null,"format":"","indent":0,"type":"paragraph","version":1,"textFormat":0,"textStyle":""},{"children":[{"detail":0,"format":0,"mode":"normal","style":"","text":"aptarnauti klientus, priimti daugiau užsakymų ir padidinti pajamas.","type":"text","version":1}],"direction":null,"format":"","indent":0,"type":"paragraph","version":1,"textFormat":0,"textStyle":""},{"children":[],"direction":null,"format":"","indent":0,"type":"paragraph","version":1,"textFormat":0,"textStyle":""},{"children":[{"detail":0,"format":0,"mode":"normal","style":"","text":"Projekto įgyvendinimo laikotarpis 2022 m. liepos - 2023 m. kovo mėn.","type":"text","version":1}],"direction":null,"format":"","indent":0,"type":"paragraph","version":1,"textFormat":0,"textStyle":""}],"direction":null,"format":"","indent":0,"type":"root","version":1}}',5,'en',2,'IT SKILL HOUSE įgyvendina ES lėšomis finansuojamą projektą | IT Skill House',replace('UAB "IT SKILL HOUSE" įgyvendina ES struktūrinėmis lėšomis finansuojamą projektą Nr. IT SKILL HOUSE\n"Programinės įrangos kūrimo užsakymo proceso skaitmeniz…','\n',char(10)),2,NULL,1,1,NULL,NULL,NULL,'eu-project');
INSERT INTO "articles_locales" VALUES('IT SKILL HOUSE įgyvendina ES lėšomis finansuojamą projektą',replace('UAB "IT SKILL HOUSE" įgyvendina ES struktūrinėmis lėšomis finansuojamą projektą Nr. IT SKILL HOUSE\n"Programinės įrangos kūrimo užsakymo proceso skaitmenizavimas". Bendra projekto vertė - 120 500,00 Eur, iš\nkurių 60 250,00 Eur sudaro Europos regioninės plėtros fondo lėšos.','\n',char(10)),'{"root":{"children":[{"children":[{"detail":0,"format":0,"mode":"normal","style":"","text":"IT SKILL HOUSE įgyvendina ES lėšomis finansuojamą projektą","type":"text","version":1}],"direction":null,"format":"","indent":0,"type":"heading","version":1,"tag":"h1"},{"children":[],"direction":null,"format":"","indent":0,"type":"paragraph","version":1,"textFormat":0,"textStyle":""},{"children":[{"detail":0,"format":0,"mode":"normal","style":"","text":"UAB \"IT SKILL HOUSE\" įgyvendina ES struktūrinėmis lėšomis finansuojamą projektą Nr. IT SKILL HOUSE","type":"text","version":1}],"direction":null,"format":"","indent":0,"type":"paragraph","version":1,"textFormat":0,"textStyle":""},{"children":[{"detail":0,"format":0,"mode":"normal","style":"","text":"\"Programinės įrangos kūrimo užsakymo proceso skaitmenizavimas\". Bendra projekto vertė - 120 500,00 Eur, iš","type":"text","version":1}],"direction":null,"format":"","indent":0,"type":"paragraph","version":1,"textFormat":0,"textStyle":""},{"children":[{"detail":0,"format":0,"mode":"normal","style":"","text":"kurių 60 250,00 Eur sudaro Europos regioninės plėtros fondo lėšos.","type":"text","version":1}],"direction":null,"format":"","indent":0,"type":"paragraph","version":1,"textFormat":0,"textStyle":""},{"children":[{"detail":0,"format":0,"mode":"normal","style":"","text":"   ","type":"text","version":1}],"direction":null,"format":"","indent":0,"type":"paragraph","version":1,"textFormat":0,"textStyle":""},{"children":[{"detail":0,"format":0,"mode":"normal","style":"","text":"Parama projekto įgyvendinimui suteikta pagal 2014-2020 metų Europos Sąjungos fondų investicijų veiksmų","type":"text","version":1}],"direction":null,"format":"","indent":0,"type":"paragraph","version":1,"textFormat":0,"textStyle":""},{"children":[{"detail":0,"format":0,"mode":"normal","style":"","text":"programos 13 prioriteto \"Veiksmų, skirtų COVID-19 pandemijos sukeltai krizei įveikti, skatinimas ir","type":"text","version":1}],"direction":null,"format":"","indent":0,"type":"paragraph","version":1,"textFormat":0,"textStyle":""},{"children":[{"detail":0,"format":0,"mode":"normal","style":"","text":"pasirengimas aplinką tausojančiam, skaitmeniniam ir tvariam ekonomikos atsigavimui\" priemonę Nr.","type":"text","version":1}],"direction":null,"format":"","indent":0,"type":"paragraph","version":1,"textFormat":0,"textStyle":""},{"children":[{"detail":0,"format":0,"mode":"normal","style":"","text":"13.1.1-LVPA-K-310 \"Paskatos kultūros ir kūrybinių industrijų sektoriui kurti konkurencingus kultūros","type":"text","version":1}],"direction":null,"format":"","indent":0,"type":"paragraph","version":1,"textFormat":0,"textStyle":""},{"children":[{"detail":0,"format":0,"mode":"normal","style":"","text":"produktus\". Projektas yra finansuojamas Europos regioninės plėtros fondo lėšomis. Finansuojama kaip Europos","type":"text","version":1}],"direction":null,"format":"","indent":0,"type":"paragraph","version":1,"textFormat":0,"textStyle":""},{"children":[{"detail":0,"format":0,"mode":"normal","style":"","text":"Sąjungos atsako į COVID-19 pandemiją priemonė.","type":"text","version":1}],"direction":null,"format":"","indent":0,"type":"paragraph","version":1,"textFormat":0,"textStyle":""},{"children":[{"detail":0,"format":0,"mode":"normal","style":"","text":"Projekto tikslas - kurti naujus, aukštos pridėtinės vertės, konkurencingus kultūros ir kūrybinio turinio ir","type":"text","version":1}],"direction":null,"format":"","indent":0,"type":"paragraph","version":1,"textFormat":0,"textStyle":""},{"children":[{"detail":0,"format":0,"mode":"normal","style":"","text":"formos produktus, investuojant į naują konkurencingo skaitmeninio kultūros ir kūrybinio turinio ir formos","type":"text","version":1}],"direction":null,"format":"","indent":0,"type":"paragraph","version":1,"textFormat":0,"textStyle":""},{"children":[{"detail":0,"format":0,"mode":"normal","style":"","text":"produktą. Įmonė siekia skaitmenizuoti informacinių technologijų užsakymo paslaugas, t. y. perkelti paslaugas","type":"text","version":1}],"direction":null,"format":"","indent":0,"type":"paragraph","version":1,"textFormat":0,"textStyle":""},{"children":[{"detail":0,"format":0,"mode":"normal","style":"","text":"iš fizinės aplinkos į skaitmeninę platformą, kuri būtų patogi ir prieinama naudotojui interneto aplinkoje.","type":"text","version":1}],"direction":null,"format":"","indent":0,"type":"paragraph","version":1,"textFormat":0,"textStyle":""},{"children":[{"detail":0,"format":0,"mode":"normal","style":"","text":"Projekto metu bus sukurta skaitmeninė platforma, programinės įrangos kūrimo užsakymo proceso valdymui ir","type":"text","version":1}],"direction":null,"format":"","indent":0,"type":"paragraph","version":1,"textFormat":0,"textStyle":""},{"children":[{"detail":0,"format":0,"mode":"normal","style":"","text":"įdiegta įmonės infrastruktūroje.","type":"text","version":1}],"direction":null,"format":"","indent":0,"type":"paragraph","version":1,"textFormat":0,"textStyle":""},{"children":[{"detail":0,"format":0,"mode":"normal","style":"","text":"Paslaugų proceso teikimo skaitmenizavimas padidins programavimo paslaugų prieinamumą klientui bei atvers","type":"text","version":1}],"direction":null,"format":"","indent":0,"type":"paragraph","version":1,"textFormat":0,"textStyle":""},{"children":[{"detail":0,"format":0,"mode":"normal","style":"","text":"prieigą prie paslaugos atlikimo kontrolės. Platforma palengvins programavimo darbų užsakymą klientams, įneš","type":"text","version":1}],"direction":null,"format":"","indent":0,"type":"paragraph","version":1,"textFormat":0,"textStyle":""},{"children":[{"detail":0,"format":0,"mode":"normal","style":"","text":"daugiau aiškumo ir skaidrumo bei leis klientams ir programuotojams racionaliai planuoti savo laiką.","type":"text","version":1}],"direction":null,"format":"","indent":0,"type":"paragraph","version":1,"textFormat":0,"textStyle":""},{"children":[{"detail":0,"format":0,"mode":"normal","style":"","text":"Skaitmeninė platforma supaprastins paslaugos užsakymo būdą, suteiks tiesioginę prieigą prie programuotojų","type":"text","version":1}],"direction":null,"format":"","indent":0,"type":"paragraph","version":1,"textFormat":0,"textStyle":""},{"children":[{"detail":0,"format":0,"mode":"normal","style":"","text":"komandos bei galimybę stebėti programavimo darbų eigą, o paslaugos tiekėjui realiu laiku ir operatyviai","type":"text","version":1}],"direction":null,"format":"","indent":0,"type":"paragraph","version":1,"textFormat":0,"textStyle":""},{"children":[{"detail":0,"format":0,"mode":"normal","style":"","text":"reaguoti į klientų užklausas. Pareiškėjui šis skaitmeninis sprendimas padės taupyti resursus, sklandžiau","type":"text","version":1}],"direction":null,"format":"","indent":0,"type":"paragraph","version":1,"textFormat":0,"textStyle":""},{"children":[{"detail":0,"format":0,"mode":"normal","style":"","text":"aptarnauti klientus, priimti daugiau užsakymų ir padidinti pajamas.","type":"text","version":1}],"direction":null,"format":"","indent":0,"type":"paragraph","version":1,"textFormat":0,"textStyle":""},{"children":[{"detail":0,"format":0,"mode":"normal","style":"","text":"    ","type":"text","version":1}],"direction":null,"format":"","indent":0,"type":"paragraph","version":1,"textFormat":0,"textStyle":""},{"children":[{"detail":0,"format":0,"mode":"normal","style":"","text":"Projekto įgyvendinimo laikotarpis 2022 m. liepos - 2023 m. kovo mėn.","type":"text","version":1}],"direction":null,"format":"","indent":0,"type":"paragraph","version":1,"textFormat":0,"textStyle":""}],"direction":null,"format":"","indent":0,"type":"root","version":1}}',6,'lt',2,'IT SKILL HOUSE įgyvendina ES lėšomis finansuojamą projektą | IT Skill House',replace('UAB "IT SKILL HOUSE" įgyvendina ES struktūrinėmis lėšomis finansuojamą projektą Nr. IT SKILL HOUSE\n"Programinės įrangos kūrimo užsakymo proceso skaitmeniz…','\n',char(10)),2,NULL,1,1,NULL,NULL,NULL,'eu-projektas');
CREATE TABLE `projects_page` (
      `id` integer PRIMARY KEY NOT NULL,
      `updated_at` text,
      `created_at` text
    );
INSERT INTO "projects_page" VALUES(1,'2026-02-24T23:27:24.936Z','2026-02-24T23:27:24.936Z');
CREATE TABLE `projects_page_locales` (
      `title` text NOT NULL,
      `intro` text,
      `id` integer PRIMARY KEY NOT NULL,
      `_locale` text NOT NULL,
      `_parent_id` integer NOT NULL, `meta_title` text, `meta_description` text, `meta_image_id` integer REFERENCES media(id), `meta_canonical_url` text, `meta_robots_index` numeric DEFAULT 1, `meta_robots_follow` numeric DEFAULT 1, `meta_open_graph_type` text, `meta_twitter_card` text, `meta_structured_data_json` text,
      FOREIGN KEY (`_parent_id`) REFERENCES `projects_page`(`id`) ON UPDATE no action ON DELETE cascade
    );
INSERT INTO "projects_page_locales" VALUES('IT jobs and freelance projects for developers and other IT specialists',replace('On our platform you will find temporary (freelance) IT projects and IT job ads.\n\nWe constantly renew job ads for full time employment as well as for IT contracting (freelance) projects for developers, testers, analysts and other specialists in IT.\n\nIf you are an IT professional and interested in new job opportunities, or you are a freelancer (IT contractor) or wish to become one, these are your opportunities.','\n',char(10)),1,'en',1,'IT jobs and freelance projects for developers and other IT specialists | IT Skill House',replace('On our platform you will find temporary (freelance) IT projects and IT job ads.\n\nWe constantly renew job ads for full time employment as well as for IT co…','\n',char(10)),3,NULL,1,1,NULL,NULL,NULL);
INSERT INTO "projects_page_locales" VALUES('IT darbai ir freelance projektai programuotojams ir IT specialistams',replace('Šioje platformoje rasite laikinų (freelance) IT projektų pasiūlymus bei IT darbų skelbimus.\n\nČia nuolat atnaujinami tiek pastovūs, tiek projektiniai (laikini) IT darbai programuotojams, testuotojams, analitikams bei kitiems specialistams IT srityje.\n\nJeigu esate IT profesionalas ir domitės nauju darbu ar esate, o gal norėtumėte tapti freelance (laisvai samdomu IT specialistu), t.y. IT kontraktoriumi, šios galimybės kaip tik jums.','\n',char(10)),2,'lt',1,'IT darbai ir freelance projektai programuotojams ir IT specialistams | IT Skill House',replace('Šioje platformoje rasite laikinų (freelance) IT projektų pasiūlymus bei IT darbų skelbimus.\n\nČia nuolat atnaujinami tiek pastovūs, tiek projektiniai (laik…','\n',char(10)),3,NULL,1,1,NULL,NULL,NULL);
CREATE TABLE `contractors_page` (
      `id` integer PRIMARY KEY NOT NULL,
      `updated_at` text,
      `created_at` text
    );
INSERT INTO "contractors_page" VALUES(1,'2026-02-24T23:23:51.957Z','2026-02-24T23:23:51.957Z');
CREATE TABLE `contractors_page_locales` (
      `title` text NOT NULL,
      `intro` text,
      `id` integer PRIMARY KEY NOT NULL,
      `_locale` text NOT NULL,
      `_parent_id` integer NOT NULL, `meta_title` text, `meta_description` text, `meta_image_id` integer REFERENCES media(id), `meta_canonical_url` text, `meta_robots_index` numeric DEFAULT 1, `meta_robots_follow` numeric DEFAULT 1, `meta_open_graph_type` text, `meta_twitter_card` text, `meta_structured_data_json` text,
      FOREIGN KEY (`_parent_id`) REFERENCES `contractors_page`(`id`) ON UPDATE no action ON DELETE cascade
    );
INSERT INTO "contractors_page_locales" VALUES('IT specialists',replace('Here you can choose a new experienced IT team member or find temporary IT help for your project. All IT specialists are ready for a new IT job or temporary (hourly based) project now or latest in a month.\n\nIf you cannot find what you are looking for on our platform, write us and we will find the best IT match for you.','\n',char(10)),1,'en',1,'IT specialists | IT Skill House','Here you can choose a new experienced IT team member or find temporary IT help for your project. All IT specialists are ready for a new IT job or temporar…',3,NULL,1,1,NULL,NULL,NULL);
INSERT INTO "contractors_page_locales" VALUES('IT specialistai',replace('Čia išsirinksite naują patyrūsį IT komandos narį arba rasite laikiną pagalbą projektui.\n\nVisi sąraše esantys IT specialistai yra pasiruošę naujam IT darbui ar laikinam projektui (už valandinį atlygį) dabar arba mėnesio bėgyje. Jei platformoje nerandate, ko ieškote, parašykite mums , ir mes surasime.','\n',char(10)),2,'lt',1,'IT specialistai | IT Skill House',replace('Čia išsirinksite naują patyrūsį IT komandos narį arba rasite laikiną pagalbą projektui.\n\nVisi sąraše esantys IT specialistai yra pasiruošę naujam IT darbu…','\n',char(10)),3,NULL,1,1,NULL,NULL,NULL);
CREATE TABLE `contracting_page` (
      `id` integer PRIMARY KEY NOT NULL,
      `updated_at` text,
      `created_at` text
    );
INSERT INTO "contracting_page" VALUES(1,'2026-02-24T23:22:55.389Z','2026-02-24T23:22:55.389Z');
CREATE TABLE `contracting_page_locales` (
      `title` text NOT NULL,
      `body` text,
      `id` integer PRIMARY KEY NOT NULL,
      `_locale` text NOT NULL,
      `_parent_id` integer NOT NULL, `meta_title` text, `meta_description` text, `meta_image_id` integer REFERENCES media(id), `meta_canonical_url` text, `meta_robots_index` numeric DEFAULT 1, `meta_robots_follow` numeric DEFAULT 1, `meta_open_graph_type` text, `meta_twitter_card` text, `meta_structured_data_json` text,
      FOREIGN KEY (`_parent_id`) REFERENCES `contracting_page`(`id`) ON UPDATE no action ON DELETE cascade
    );
INSERT INTO "contracting_page_locales" VALUES('IT Contracting','{"root":{"children":[{"children":[{"detail":0,"format":0,"mode":"normal","style":"","text":"IT Contracting","type":"text","version":1}],"direction":null,"format":"","indent":0,"type":"heading","version":1,"tag":"h1"},{"children":[{"detail":0,"format":0,"mode":"normal","style":"","text":"IT contracting - a project based IT work under a temporary B2B contract on hourly basis and hourly fee.","type":"text","version":1}],"direction":null,"format":"","indent":0,"type":"paragraph","version":1,"textFormat":0,"textStyle":""},{"children":[{"detail":0,"format":0,"mode":"normal","style":"","text":"At IT SKILL HOUSE, we have almost 20 years of experience in this field. This fact allows to call ourselves experts in attracting and employing IT specialists for temporary and part-time project work.","type":"text","version":1}],"direction":null,"format":"","indent":0,"type":"paragraph","version":1,"textFormat":0,"textStyle":""},{"children":[{"detail":0,"format":0,"mode":"normal","style":"","text":"The service includes:","type":"text","version":1}],"direction":null,"format":"left","indent":0,"type":"paragraph","version":1,"textFormat":0,"textStyle":""},{"children":[{"children":[{"detail":0,"format":0,"mode":"normal","style":"","text":"quick search of IT specialists (","type":"text","version":1},{"children":[{"detail":0,"format":0,"mode":"normal","style":"","text":"here","type":"text","version":1}],"direction":null,"format":"","indent":0,"type":"link","version":3,"fields":{"linkType":"custom","newTab":false,"url":"https://itskillhouse.com/contractors"},"id":"699e32c5b28444288d033dbc"},{"detail":0,"format":0,"mode":"normal","style":"","text":" you can find specialists who are already open for new projects);","type":"text","version":1}],"direction":null,"format":"","indent":0,"type":"listitem","version":1,"value":1},{"children":[{"detail":0,"format":0,"mode":"normal","style":"","text":"shortened but still professional selection processes;","type":"text","version":1}],"direction":null,"format":"","indent":0,"type":"listitem","version":1,"value":2},{"children":[{"detail":0,"format":0,"mode":"normal","style":"","text":"mediation in contractor onboarding and communication processes;","type":"text","version":1}],"direction":null,"format":"","indent":0,"type":"listitem","version":1,"value":3},{"children":[{"detail":0,"format":0,"mode":"normal","style":"","text":"project work administration (contracts, reporting, invoicing);","type":"text","version":1}],"direction":null,"format":"","indent":0,"type":"listitem","version":1,"value":4},{"children":[{"detail":0,"format":0,"mode":"normal","style":"","text":"an easy transition from one employment model to another if necessary;","type":"text","version":1}],"direction":null,"format":"","indent":0,"type":"listitem","version":1,"value":5},{"children":[{"detail":0,"format":0,"mode":"normal","style":"","text":"guarantees related to process and work quality.","type":"text","version":1}],"direction":null,"format":"","indent":0,"type":"listitem","version":1,"value":6}],"direction":null,"format":"","indent":0,"type":"list","version":1,"listType":"bullet","start":1,"tag":"ul"},{"children":[{"detail":0,"format":0,"mode":"normal","style":"","text":"This model of working with IT professionals provides both specialists and customers with:","type":"text","version":1}],"direction":null,"format":"","indent":0,"type":"paragraph","version":1,"textFormat":0,"textStyle":""},{"children":[{"children":[{"detail":0,"format":0,"mode":"normal","style":"","text":"flexibility;","type":"text","version":1}],"direction":null,"format":"","indent":0,"type":"listitem","version":1,"value":1},{"children":[{"detail":0,"format":0,"mode":"normal","style":"","text":"the opportunity to attract experienced IT specialists, and for specialists to choose projects;","type":"text","version":1}],"direction":null,"format":"","indent":0,"type":"listitem","version":1,"value":2},{"children":[{"detail":0,"format":0,"mode":"normal","style":"","text":"Attract missing technologies and knowledge to the team;","type":"text","version":1}],"direction":null,"format":"","indent":0,"type":"listitem","version":1,"value":3},{"children":[{"detail":0,"format":0,"mode":"normal","style":"","text":"the opportunity to save time and money.","type":"text","version":1}],"direction":null,"format":"","indent":0,"type":"listitem","version":1,"value":4}],"direction":null,"format":"","indent":0,"type":"list","version":1,"listType":"bullet","start":1,"tag":"ul"},{"children":[{"detail":0,"format":0,"mode":"normal","style":"","text":"And the most important thing is that both the client and the IT specialist have a reliable and experienced partner in the entire process - IT SKILL HOUSE.","type":"text","version":1}],"direction":null,"format":"","indent":0,"type":"paragraph","version":1,"textFormat":0,"textStyle":""},{"children":[],"direction":null,"format":"","indent":0,"type":"paragraph","version":1,"textFormat":0,"textStyle":""},{"children":[],"direction":null,"format":"","indent":0,"type":"paragraph","version":1,"textFormat":0,"textStyle":""}],"direction":null,"format":"","indent":0,"type":"root","version":1}}',1,'en',1,'IT Contracting | IT Skill House','And the most important thing is that both the client and the IT specialist have a reliable and experienced partner in the entire process - IT SKILL HOUSE.…',3,NULL,1,1,NULL,NULL,NULL);
INSERT INTO "contracting_page_locales" VALUES('IT kontraktingas','{"root":{"children":[{"children":[{"detail":0,"format":0,"mode":"normal","style":"","text":"IT kontraktingas","type":"text","version":1}],"direction":null,"format":"start","indent":0,"type":"heading","version":1,"tag":"h1"},{"children":[{"detail":0,"format":0,"mode":"normal","style":"","text":"IT kontraktingas - tai projektinis IT darbas pagal laikiną B2B kontraktą už valandinį atlygį.","type":"text","version":1}],"direction":null,"format":"start","indent":0,"type":"paragraph","version":1,"textFormat":0,"textStyle":""},{"children":[{"detail":0,"format":0,"mode":"normal","style":"","text":"IT SKILL HOUSE šioje srityje turime beveik 20 metų patirtį. Tad galime save vadinti tokio IT specialistų pritraukimo ir įdarbinimo modelio ekspertais.","type":"text","version":1}],"direction":null,"format":"start","indent":0,"type":"paragraph","version":1,"textFormat":0,"textStyle":""},{"children":[{"detail":0,"format":0,"mode":"normal","style":"","text":"Paslauga apima:","type":"text","version":1}],"direction":null,"format":"start","indent":0,"type":"paragraph","version":1,"textFormat":0,"textStyle":""},{"children":[{"children":[{"detail":0,"format":0,"mode":"normal","style":"","text":"greitą specialistų suradimą (jau dabar atvirus projektams specialistus rasite ","type":"text","version":1},{"children":[{"detail":0,"format":0,"mode":"normal","style":"","text":"čia","type":"text","version":1}],"direction":null,"format":"","indent":0,"type":"link","version":3,"fields":{"linkType":"custom","newTab":false,"url":"https://itskillhouse.com/lt/it-specialistai"},"id":"699e32ebb28444288d033dbd"},{"detail":0,"format":0,"mode":"normal","style":"","text":");","type":"text","version":1}],"direction":null,"format":"start","indent":0,"type":"listitem","version":1,"value":1},{"children":[{"detail":0,"format":0,"mode":"normal","style":"","text":"sutrumpintus bet profesionalius atrankos procesus;","type":"text","version":1}],"direction":null,"format":"start","indent":0,"type":"listitem","version":1,"value":2},{"children":[{"detail":0,"format":0,"mode":"normal","style":"","text":"tarpininkavimą kontraktoriaus onboardinimo ir komunikacijos procesuose;","type":"text","version":1}],"direction":null,"format":"start","indent":0,"type":"listitem","version":1,"value":3},{"children":[{"detail":0,"format":0,"mode":"normal","style":"","text":"projektinio darbo administravimą;","type":"text","version":1}],"direction":null,"format":"start","indent":0,"type":"listitem","version":1,"value":4},{"children":[{"detail":0,"format":0,"mode":"normal","style":"","text":"prireikus - lengvą perėjimą iš vieno įdarbinimo modelio į kitą;","type":"text","version":1}],"direction":null,"format":"start","indent":0,"type":"listitem","version":1,"value":5},{"children":[{"detail":0,"format":0,"mode":"normal","style":"","text":"su proceso bei darbo kokybe susijusias garantijas.","type":"text","version":1}],"direction":null,"format":"start","indent":0,"type":"listitem","version":1,"value":6}],"direction":null,"format":"","indent":0,"type":"list","version":1,"listType":"bullet","start":1,"tag":"ul"},{"children":[{"detail":0,"format":0,"mode":"normal","style":"","text":"Šis darbo su IT profesionalais modelis tiek specialistams, tiek užsakovams suteikia:","type":"text","version":1}],"direction":null,"format":"start","indent":0,"type":"paragraph","version":1,"textFormat":0,"textStyle":""},{"children":[{"children":[{"detail":0,"format":0,"mode":"normal","style":"","text":"lankstumo;","type":"text","version":1}],"direction":null,"format":"start","indent":0,"type":"listitem","version":1,"value":1},{"children":[{"detail":0,"format":0,"mode":"normal","style":"","text":"galimybę prisitraukti patyrusius IT specialistus, o specialistams - rinktis projektus;","type":"text","version":1}],"direction":null,"format":"start","indent":0,"type":"listitem","version":1,"value":2},{"children":[{"detail":0,"format":0,"mode":"normal","style":"","text":"Pritraukti komandoje trūkstamų technologijų ir žinių;","type":"text","version":1}],"direction":null,"format":"start","indent":0,"type":"listitem","version":1,"value":3},{"children":[{"detail":0,"format":0,"mode":"normal","style":"","text":"galimybę sutaupyti laiko ir finansų","type":"text","version":1}],"direction":null,"format":"start","indent":0,"type":"listitem","version":1,"value":4}],"direction":null,"format":"","indent":0,"type":"list","version":1,"listType":"bullet","start":1,"tag":"ul"},{"children":[{"detail":0,"format":0,"mode":"normal","style":"","text":"O svarbiausia - visame procese tiek klientas, tiek IT specialistas turi patikimą ir patyrūsį partnerį - IT SKILL HOUSE","type":"text","version":1}],"direction":null,"format":"start","indent":0,"type":"paragraph","version":1,"textFormat":0,"textStyle":""},{"children":[{"detail":0,"format":0,"mode":"normal","style":"","text":"Aktualu ar norite daugiau informacijos? ","type":"text","version":1},{"children":[{"detail":0,"format":0,"mode":"normal","style":"","text":"Susisiekite!","type":"text","version":1}],"direction":null,"format":"","indent":0,"type":"link","version":3,"fields":{"linkType":"custom","newTab":false,"url":"https://itskillhouse.com/lt/susisiekite"},"id":"699e32ebb28444288d033dbe"}],"direction":null,"format":"start","indent":0,"type":"paragraph","version":1,"textFormat":0,"textStyle":""}],"direction":null,"format":"","indent":0,"type":"root","version":1}}',2,'lt',1,'IT kontraktingas | IT Skill House','Susisiekite! Aktualu ar norite daugiau informacijos? O svarbiausia - visame procese tiek klientas, tiek IT specialistas turi patikimą ir patyrūsį partnerį…',3,NULL,1,1,NULL,NULL,NULL);
CREATE TABLE `recruitment_page` (
      `id` integer PRIMARY KEY NOT NULL,
      `updated_at` text,
      `created_at` text
    );
INSERT INTO "recruitment_page" VALUES(1,'2026-02-24T23:28:42.550Z','2026-02-24T23:28:42.550Z');
CREATE TABLE `recruitment_page_locales` (
      `title` text NOT NULL,
      `body` text,
      `id` integer PRIMARY KEY NOT NULL,
      `_locale` text NOT NULL,
      `_parent_id` integer NOT NULL, `meta_title` text, `meta_description` text, `meta_image_id` integer REFERENCES media(id), `meta_canonical_url` text, `meta_robots_index` numeric DEFAULT 1, `meta_robots_follow` numeric DEFAULT 1, `meta_open_graph_type` text, `meta_twitter_card` text, `meta_structured_data_json` text,
      FOREIGN KEY (`_parent_id`) REFERENCES `recruitment_page`(`id`) ON UPDATE no action ON DELETE cascade
    );
INSERT INTO "recruitment_page_locales" VALUES('IT Recruitment','{"root":{"children":[{"children":[{"detail":0,"format":0,"mode":"normal","style":"","text":"IT Recruitment","type":"text","version":1}],"direction":null,"format":"","indent":0,"type":"heading","version":1,"tag":"h1"},{"children":[{"detail":0,"format":0,"mode":"normal","style":"","text":"Although IT SKILL HOUSE primarily helps clients and specialists find each other for project work on an hourly basis, our wide network of experienced IT specialists and the different needs of clients allow us to successfully provide personnel search services as well.","type":"text","version":1}],"direction":null,"format":"","indent":0,"type":"paragraph","version":1,"textFormat":0,"textStyle":""},{"children":[{"detail":0,"format":0,"mode":"normal","style":"","text":"Due to the established community, we are especially useful when clients are looking for experienced senior IT specialists in the following areas:","type":"text","version":1}],"direction":null,"format":"","indent":0,"type":"paragraph","version":1,"textFormat":0,"textStyle":""},{"children":[{"children":[{"detail":0,"format":0,"mode":"normal","style":"","text":"Back-end programming","type":"text","version":1}],"direction":null,"format":"","indent":0,"type":"listitem","version":1,"value":1},{"children":[{"detail":0,"format":0,"mode":"normal","style":"","text":"Front-end programming","type":"text","version":1}],"direction":null,"format":"","indent":0,"type":"listitem","version":1,"value":2},{"children":[{"detail":0,"format":0,"mode":"normal","style":"","text":"Mobile technologies","type":"text","version":1}],"direction":null,"format":"","indent":0,"type":"listitem","version":1,"value":3},{"children":[{"detail":0,"format":0,"mode":"normal","style":"","text":"DevOps","type":"text","version":1}],"direction":null,"format":"","indent":0,"type":"listitem","version":1,"value":4},{"children":[{"detail":0,"format":0,"mode":"normal","style":"","text":"Data Engineers","type":"text","version":1}],"direction":null,"format":"","indent":0,"type":"listitem","version":1,"value":5},{"children":[{"detail":0,"format":0,"mode":"normal","style":"","text":"Analysts","type":"text","version":1}],"direction":null,"format":"","indent":0,"type":"listitem","version":1,"value":6},{"children":[{"detail":0,"format":0,"mode":"normal","style":"","text":"Testers","type":"text","version":1}],"direction":null,"format":"","indent":0,"type":"listitem","version":1,"value":7},{"children":[{"detail":0,"format":0,"mode":"normal","style":"","text":"Project/product managers","type":"text","version":1}],"direction":null,"format":"","indent":0,"type":"listitem","version":1,"value":8},{"children":[{"detail":0,"format":0,"mode":"normal","style":"","text":"etc.","type":"text","version":1}],"direction":null,"format":"","indent":0,"type":"listitem","version":1,"value":9}],"direction":null,"format":"","indent":0,"type":"list","version":1,"listType":"bullet","start":1,"tag":"ul"},{"children":[{"detail":0,"format":0,"mode":"normal","style":"","text":"Our experience and work specifics allow the client to expect:","type":"text","version":1}],"direction":null,"format":"","indent":0,"type":"paragraph","version":1,"textFormat":0,"textStyle":""},{"children":[{"children":[{"detail":0,"format":0,"mode":"normal","style":"","text":"Quick response about available candidates (2 w.d.);","type":"text","version":1}],"direction":null,"format":"","indent":0,"type":"listitem","version":1,"value":1},{"children":[{"detail":0,"format":0,"mode":"normal","style":"","text":"A quick result or information, if we are not able to help quickly (max. 5 w. days);","type":"text","version":1}],"direction":null,"format":"","indent":0,"type":"listitem","version":1,"value":2},{"children":[{"detail":0,"format":0,"mode":"normal","style":"","text":"Quality and experienced candidates;","type":"text","version":1}],"direction":null,"format":"","indent":0,"type":"listitem","version":1,"value":3},{"children":[{"detail":0,"format":0,"mode":"normal","style":"","text":"A pool of pre-interviewed candidates","type":"text","version":1}],"direction":null,"format":"","indent":0,"type":"listitem","version":1,"value":4},{"children":[{"detail":0,"format":0,"mode":"normal","style":"","text":"Payment only after successful recruitment.","type":"text","version":1}],"direction":null,"format":"","indent":0,"type":"listitem","version":1,"value":5}],"direction":null,"format":"","indent":0,"type":"list","version":1,"listType":"bullet","start":1,"tag":"ul"},{"children":[{"detail":0,"format":0,"mode":"normal","style":"","text":"We do not conduct a long and open search for candidates. Instead, we turn to our community of experienced specialists, where there are always people who are ready to recommend a colleague or who would like to switch from a freelancer to regular employment.","type":"text","version":1}],"direction":null,"format":"","indent":0,"type":"paragraph","version":1,"textFormat":0,"textStyle":""},{"children":[{"detail":0,"format":0,"mode":"normal","style":"","text":"Although we are somewhat atypical in this field, why not have an IT recruitment partner like IT SKILL HOUSE? Especially if we are already your reliable partner in ","type":"text","version":1},{"children":[{"detail":0,"format":0,"mode":"normal","style":"","text":"IT contracting","type":"text","version":1}],"direction":null,"format":"","indent":0,"type":"link","version":3,"fields":{"url":"https://itskillhouse.com/it-recruitment","newTab":false,"linkType":"custom"},"id":"699e3428b28444288d033dc3"},{"detail":0,"format":0,"mode":"normal","style":"","text":".","type":"text","version":1}],"direction":null,"format":"","indent":0,"type":"paragraph","version":1,"textFormat":0,"textStyle":""},{"type":"horizontalrule","version":1}],"direction":null,"format":"","indent":0,"type":"root","version":1}}',1,'en',1,'IT Recruitment | IT Skill House','. IT contracting Although we are somewhat atypical in this field, why not have an IT recruitment partner like IT SKILL HOUSE? Especially if we are already…',3,NULL,1,1,NULL,NULL,NULL);
INSERT INTO "recruitment_page_locales" VALUES('Personalo paieška','{"root":{"children":[{"children":[{"detail":0,"format":0,"mode":"normal","style":"","text":"Personalo paieška","type":"text","version":1}],"direction":null,"format":"","indent":0,"type":"heading","version":1,"tag":"h1"},{"children":[{"detail":0,"format":0,"mode":"normal","style":"","text":"Nors IT SKILL HOUSE pirmiausia padeda klientams ir specialistams rasti vienus kitiems projektiniam darbui už valandinį atlygį, mūsų platus patyrusių IT specialistų tinklas bei skirtingi klientų poreikiai leidžia mums sėkmingai teikti ir ","type":"text","version":1},{"detail":0,"format":1,"mode":"normal","style":"","text":"personalo paieškos","type":"text","version":1},{"detail":0,"format":0,"mode":"normal","style":"","text":" paslaugas.","type":"text","version":1}],"direction":null,"format":"","indent":0,"type":"paragraph","version":1,"textFormat":0,"textStyle":""},{"children":[{"detail":0,"format":0,"mode":"normal","style":"","text":"Dėl susiformavusios bendruomenės, esame ypač naudingi, kuomet klientai ieško patyrusių „senior“ IT specialistų sekančiose srityse:","type":"text","version":1}],"direction":null,"format":"","indent":0,"type":"paragraph","version":1,"textFormat":0,"textStyle":""},{"children":[{"children":[{"detail":0,"format":0,"mode":"normal","style":"","text":"Back-end programavimas","type":"text","version":1}],"direction":null,"format":"","indent":0,"type":"listitem","version":1,"value":1},{"children":[{"detail":0,"format":0,"mode":"normal","style":"","text":"Front-end programavimas","type":"text","version":1}],"direction":null,"format":"","indent":0,"type":"listitem","version":1,"value":2},{"children":[{"detail":0,"format":0,"mode":"normal","style":"","text":"Mobilios technologijos","type":"text","version":1}],"direction":null,"format":"","indent":0,"type":"listitem","version":1,"value":3},{"children":[{"detail":0,"format":0,"mode":"normal","style":"","text":"DevOps","type":"text","version":1}],"direction":null,"format":"","indent":0,"type":"listitem","version":1,"value":4},{"children":[{"detail":0,"format":0,"mode":"normal","style":"","text":"Duomenų inžinieriai","type":"text","version":1}],"direction":null,"format":"","indent":0,"type":"listitem","version":1,"value":5},{"children":[{"detail":0,"format":0,"mode":"normal","style":"","text":"Analitikai","type":"text","version":1}],"direction":null,"format":"","indent":0,"type":"listitem","version":1,"value":6},{"children":[{"detail":0,"format":0,"mode":"normal","style":"","text":"Testuotojai","type":"text","version":1}],"direction":null,"format":"","indent":0,"type":"listitem","version":1,"value":7},{"children":[{"detail":0,"format":0,"mode":"normal","style":"","text":"Projektų/produktų vadovai","type":"text","version":1}],"direction":null,"format":"","indent":0,"type":"listitem","version":1,"value":8}],"direction":null,"format":"","indent":0,"type":"list","version":1,"listType":"bullet","start":1,"tag":"ul"},{"children":[{"detail":0,"format":0,"mode":"normal","style":"","text":"Mūsų patirtis ir darbo specifika leidžia klientui tikėtis:","type":"text","version":1}],"direction":null,"format":"","indent":0,"type":"paragraph","version":1,"textFormat":0,"textStyle":""},{"children":[{"children":[{"detail":0,"format":0,"mode":"normal","style":"","text":"Greito atsakymo apie turimus kandidatus (2 d.d.);","type":"text","version":1}],"direction":null,"format":"","indent":0,"type":"listitem","version":1,"value":1},{"children":[{"detail":0,"format":0,"mode":"normal","style":"","text":"Proceso nevilkinimo - greito rezultato arba informacijos, jei greitai padėti nepavyks (max. 5 d.d.);","type":"text","version":1}],"direction":null,"format":"","indent":0,"type":"listitem","version":1,"value":2},{"children":[{"detail":0,"format":0,"mode":"normal","style":"","text":"Kokybiškų patyrusių kandidatų;","type":"text","version":1}],"direction":null,"format":"","indent":0,"type":"listitem","version":1,"value":3},{"children":[{"detail":0,"format":0,"mode":"normal","style":"","text":"Jau iš anksto prainterviuotų kandidatų „poolo“","type":"text","version":1}],"direction":null,"format":"","indent":0,"type":"listitem","version":1,"value":4},{"children":[{"detail":0,"format":0,"mode":"normal","style":"","text":"Apmokėjimo tik po sėkmingo įdarbinimo.","type":"text","version":1}],"direction":null,"format":"","indent":0,"type":"listitem","version":1,"value":5}],"direction":null,"format":"","indent":0,"type":"list","version":1,"listType":"bullet","start":1,"tag":"ul"},{"children":[{"detail":0,"format":0,"mode":"normal","style":"","text":"Mes nevykdome ilgos ir atviros kandidatų paieškos, bet kreipiamės į savo patyrusių specialistų bendruomenę, kurioje visuomet atsiranda pasiruošusių rekomenduoti kolegą ar norėtų pereiti iš laisvai samdomo specialisto į įprastą įdarbinimą.","type":"text","version":1}],"direction":null,"format":"","indent":0,"type":"paragraph","version":1,"textFormat":0,"textStyle":""},{"children":[{"detail":0,"format":0,"mode":"normal","style":"","text":"Nors ir esame kiek netipiniai šioje srityje, kodėl gi neturėti ir tokio IT personalo paieškos partnerio kaip IT SKILL HOUSE? Juolab, jei mes jau esame kliento patikimas partneris ","type":"text","version":1},{"children":[{"detail":0,"format":0,"mode":"normal","style":"","text":"IT kontraktinge","type":"text","version":1}],"direction":null,"format":"","indent":0,"type":"link","version":3,"fields":{"linkType":"custom","newTab":false,"url":"https://itskillhouse.com/lt/it-kontraktingas"},"id":"699e343eb28444288d033dc4"},{"detail":0,"format":0,"mode":"normal","style":"","text":".","type":"text","version":1}],"direction":null,"format":"","indent":0,"type":"paragraph","version":1,"textFormat":0,"textStyle":""},{"children":[{"detail":0,"format":0,"mode":"normal","style":"","text":"Jei aktualu ar turite daugiau klausimų, ","type":"text","version":1},{"children":[{"detail":0,"format":0,"mode":"normal","style":"","text":"susisiekite","type":"text","version":1}],"direction":null,"format":"","indent":0,"type":"link","version":3,"fields":{"linkType":"custom","newTab":false,"url":"https://itskillhouse.com/lt/susisiekite"},"id":"699e343eb28444288d033dc5"},{"detail":0,"format":0,"mode":"normal","style":"","text":"!","type":"text","version":1}],"direction":null,"format":"","indent":0,"type":"paragraph","version":1,"textFormat":0,"textStyle":""},{"children":[],"direction":null,"format":"","indent":0,"type":"paragraph","version":1,"textFormat":0,"textStyle":""}],"direction":null,"format":"","indent":0,"type":"root","version":1}}',2,'lt',1,'Personalo paieška | IT Skill House','! susisiekite Jei aktualu ar turite daugiau klausimų, . IT kontraktinge Nors ir esame kiek netipiniai šioje srityje, kodėl gi neturėti ir tokio IT persona…',3,NULL,1,1,NULL,NULL,NULL);
CREATE TABLE `questions_page` (
      `id` integer PRIMARY KEY NOT NULL,
      `updated_at` text,
      `created_at` text
    );
INSERT INTO "questions_page" VALUES(1,'2026-02-24T23:28:11.294Z','2026-02-24T23:28:11.294Z');
CREATE TABLE `questions_page_locales` (
      `title` text NOT NULL,
      `id` integer PRIMARY KEY NOT NULL,
      `_locale` text NOT NULL,
      `_parent_id` integer NOT NULL, `meta_title` text, `meta_description` text, `meta_image_id` integer REFERENCES media(id), `meta_canonical_url` text, `meta_robots_index` numeric DEFAULT 1, `meta_robots_follow` numeric DEFAULT 1, `meta_open_graph_type` text, `meta_twitter_card` text, `meta_structured_data_json` text,
      FOREIGN KEY (`_parent_id`) REFERENCES `questions_page`(`id`) ON UPDATE no action ON DELETE cascade
    );
INSERT INTO "questions_page_locales" VALUES('FAQ',1,'en',1,'FAQ | IT Skill House','IT Skill House services and content.',3,NULL,1,1,NULL,NULL,NULL);
INSERT INTO "questions_page_locales" VALUES('DUK',2,'lt',1,'DUK | IT Skill House','IT Skill House services and content.',3,NULL,1,1,NULL,NULL,NULL);
CREATE TABLE `articles_page` (
      `id` integer PRIMARY KEY NOT NULL,
      `updated_at` text,
      `created_at` text
    );
INSERT INTO "articles_page" VALUES(1,'2026-02-24T23:22:05.534Z','2026-02-24T23:22:05.534Z');
CREATE TABLE `articles_page_locales` (
      `title` text NOT NULL,
      `id` integer PRIMARY KEY NOT NULL,
      `_locale` text NOT NULL,
      `_parent_id` integer NOT NULL, `meta_title` text, `meta_description` text, `meta_image_id` integer REFERENCES media(id), `meta_canonical_url` text, `meta_robots_index` numeric DEFAULT 1, `meta_robots_follow` numeric DEFAULT 1, `meta_open_graph_type` text, `meta_twitter_card` text, `meta_structured_data_json` text, `body` text,
      FOREIGN KEY (`_parent_id`) REFERENCES `articles_page`(`id`) ON UPDATE no action ON DELETE cascade
    );
INSERT INTO "articles_page_locales" VALUES('Articles',1,'en',1,'News | IT Skill House','News',3,NULL,1,1,NULL,NULL,NULL,NULL);
INSERT INTO "articles_page_locales" VALUES('Straipsniai',2,'lt',1,'Naujienos | IT Skill House','Naujienos',3,NULL,1,1,NULL,NULL,NULL,NULL);
CREATE TABLE `users` (
    `id` text PRIMARY KEY NOT NULL,
    `email` text NOT NULL,
    `reset_password_token` text,
    `reset_password_expiration` text,
    `salt` text,
    `hash` text,
    `login_attempts` numeric DEFAULT 0,
    `lock_until` text,
    `email_verified` text,
    `name` text,
    `image` text,
    `updated_at` text DEFAULT (strftime('%Y-%m-%dT%H:%M:%fZ', 'now')) NOT NULL,
    `created_at` text DEFAULT (strftime('%Y-%m-%dT%H:%M:%fZ', 'now')) NOT NULL
  );
INSERT INTO "users" VALUES('17004f90-b9ba-4dda-9845-da7befff704d','zygimantas@itskillhouse.com',NULL,NULL,NULL,NULL,0,NULL,NULL,'Žygimantas Beržiūnas','https://zygimantas.com/zygimantas.webp','2026-02-26T07:18:16.167Z','2026-02-25T15:03:15.952Z');
CREATE TABLE `users_sessions` (
    `_order` integer NOT NULL,
    `_parent_id` text NOT NULL,
    `id` text PRIMARY KEY NOT NULL,
    `created_at` text DEFAULT (strftime('%Y-%m-%dT%H:%M:%fZ', 'now')) NOT NULL,
    `expires_at` text NOT NULL,
    FOREIGN KEY (`_parent_id`) REFERENCES `users`(`id`) ON UPDATE no action ON DELETE cascade
  );
CREATE TABLE `users_accounts` (
    `_order` integer NOT NULL,
    `_parent_id` text NOT NULL,
    `id` text PRIMARY KEY NOT NULL,
    `provider` text NOT NULL,
    `provider_account_id` text NOT NULL,
    `type` text NOT NULL,
    `created_at` text DEFAULT (strftime('%Y-%m-%dT%H:%M:%fZ', 'now')) NOT NULL,
    `updated_at` text DEFAULT (strftime('%Y-%m-%dT%H:%M:%fZ', 'now')) NOT NULL,
    FOREIGN KEY (`_parent_id`) REFERENCES `users`(`id`) ON UPDATE no action ON DELETE cascade
  );
INSERT INTO "users_accounts" VALUES(1,'17004f90-b9ba-4dda-9845-da7befff704d','699f0f3479436500c86c43d4','microsoft-entra-id','ie5-nak9ol4YhD79JrWe22vzI8GVmyIGCEeJI6njpRQ','oidc','2026-02-26T07:18:16.303Z','2026-02-26T07:18:16.303Z');
CREATE TABLE `payload_mcp_api_keys` (
      `id` integer PRIMARY KEY NOT NULL,
      `user_id` text NOT NULL,
      `label` text,
      `description` text,
      `articles_find` numeric DEFAULT 1,
      `articles_create` numeric DEFAULT 1,
      `articles_update` numeric DEFAULT 1,
      `articles_delete` numeric DEFAULT 1,
      `media_find` numeric DEFAULT 1,
      `questions_find` numeric DEFAULT 1,
      `enable_api_key` numeric DEFAULT 1,
      `api_key` text,
      `api_key_index` text,
      `updated_at` text DEFAULT (strftime('%Y-%m-%dT%H:%M:%fZ', 'now')) NOT NULL,
      `created_at` text DEFAULT (strftime('%Y-%m-%dT%H:%M:%fZ', 'now')) NOT NULL, `questions_create` numeric DEFAULT 1, `questions_update` numeric DEFAULT 1, `questions_delete` numeric DEFAULT 1,
      FOREIGN KEY (`user_id`) REFERENCES `users`(`id`) ON UPDATE no action ON DELETE cascade
    );
CREATE TABLE IF NOT EXISTS "articles" (
        `id` integer PRIMARY KEY NOT NULL,
        `hero_image_id` integer,
        `published_at` text NOT NULL,
        `is_published` integer DEFAULT true NOT NULL,
        `updated_at` text DEFAULT (strftime('%Y-%m-%dT%H:%M:%fZ', 'now')) NOT NULL,
        `created_at` text DEFAULT (strftime('%Y-%m-%dT%H:%M:%fZ', 'now')) NOT NULL,
        `meta_title` text,
        `meta_description` text,
        `meta_image_id` integer,
        FOREIGN KEY (`hero_image_id`) REFERENCES `media`(`id`) ON UPDATE no action ON DELETE set null,
        FOREIGN KEY (`meta_image_id`) REFERENCES `media`(`id`) ON UPDATE no action ON DELETE set null
      );
INSERT INTO "articles" VALUES(2,2,'2026-02-23T22:00:00.000Z',1,'2026-02-26T18:59:00.913Z','2026-02-24T20:46:19.788Z',NULL,NULL,NULL);
INSERT INTO "articles" VALUES(3,NULL,'2026-01-31T22:00:00.000Z',1,'2026-02-26T18:57:41.304Z','2026-02-26T18:56:51.065Z',NULL,NULL,NULL);
CREATE INDEX `media_updated_at_idx` ON `media` (`updated_at`);
CREATE INDEX `media_created_at_idx` ON `media` (`created_at`);
CREATE UNIQUE INDEX `media_filename_idx` ON `media` (`filename`);
CREATE INDEX `payload_locked_documents_global_slug_idx` ON `payload_locked_documents` (`global_slug`);
CREATE INDEX `payload_locked_documents_updated_at_idx` ON `payload_locked_documents` (`updated_at`);
CREATE INDEX `payload_locked_documents_created_at_idx` ON `payload_locked_documents` (`created_at`);
CREATE INDEX `payload_locked_documents_rels_order_idx` ON `payload_locked_documents_rels` (`order`);
CREATE INDEX `payload_locked_documents_rels_parent_idx` ON `payload_locked_documents_rels` (`parent_id`);
CREATE INDEX `payload_locked_documents_rels_path_idx` ON `payload_locked_documents_rels` (`path`);
CREATE INDEX `payload_locked_documents_rels_users_id_idx` ON `payload_locked_documents_rels` (`users_id`);
CREATE INDEX `payload_locked_documents_rels_media_id_idx` ON `payload_locked_documents_rels` (`media_id`);
CREATE INDEX `payload_preferences_key_idx` ON `payload_preferences` (`key`);
CREATE INDEX `payload_preferences_updated_at_idx` ON `payload_preferences` (`updated_at`);
CREATE INDEX `payload_preferences_created_at_idx` ON `payload_preferences` (`created_at`);
CREATE INDEX `payload_preferences_rels_order_idx` ON `payload_preferences_rels` (`order`);
CREATE INDEX `payload_preferences_rels_parent_idx` ON `payload_preferences_rels` (`parent_id`);
CREATE INDEX `payload_preferences_rels_path_idx` ON `payload_preferences_rels` (`path`);
CREATE INDEX `payload_preferences_rels_users_id_idx` ON `payload_preferences_rels` (`users_id`);
CREATE INDEX `payload_migrations_updated_at_idx` ON `payload_migrations` (`updated_at`);
CREATE INDEX `payload_migrations_created_at_idx` ON `payload_migrations` (`created_at`);
CREATE INDEX `faq_items_updated_at_idx` ON "questions" (`updated_at`);
CREATE INDEX `faq_items_created_at_idx` ON "questions" (`created_at`);
CREATE UNIQUE INDEX `faq_items_locales_locale_parent_id_unique` ON "questions_locales" (`_locale`,`_parent_id`);
CREATE UNIQUE INDEX `payload_kv_key_idx` ON `payload_kv` (`key`);
CREATE UNIQUE INDEX `home_page_locales_locale_parent_id_unique` ON `home_page_locales` (`_locale`,`_parent_id`);
CREATE UNIQUE INDEX `privacy_page_locales_locale_parent_id_unique` ON `privacy_page_locales` (`_locale`,`_parent_id`);
CREATE INDEX `home_page_meta_meta_image_idx` ON `home_page_locales` (`meta_image_id`,`_locale`);
CREATE INDEX `privacy_page_meta_meta_image_idx` ON `privacy_page_locales` (`meta_image_id`,`_locale`);
CREATE INDEX home_page_meta_image_idx ON home_page (meta_image_id);
CREATE INDEX privacy_page_meta_image_idx ON privacy_page (meta_image_id);
CREATE UNIQUE INDEX `news_articles_locales_locale_parent_id_unique` ON "articles_locales" (`_locale`,`_parent_id`);
CREATE INDEX payload_locked_documents_rels_articles_id_idx
  ON payload_locked_documents_rels (articles_id);
CREATE INDEX payload_locked_documents_rels_questions_id_idx
  ON payload_locked_documents_rels (questions_id);
CREATE UNIQUE INDEX `projects_page_locales_locale_parent_id_unique` ON `projects_page_locales` (`_locale`,`_parent_id`);
CREATE UNIQUE INDEX `contractors_page_locales_locale_parent_id_unique` ON `contractors_page_locales` (`_locale`,`_parent_id`);
CREATE UNIQUE INDEX `contracting_page_locales_locale_parent_id_unique` ON `contracting_page_locales` (`_locale`,`_parent_id`);
CREATE UNIQUE INDEX `recruitment_page_locales_locale_parent_id_unique` ON `recruitment_page_locales` (`_locale`,`_parent_id`);
CREATE UNIQUE INDEX `questions_page_locales_locale_parent_id_unique` ON `questions_page_locales` (`_locale`,`_parent_id`);
CREATE UNIQUE INDEX `articles_page_locales_locale_parent_id_unique` ON `articles_page_locales` (`_locale`,`_parent_id`);
CREATE INDEX `projects_page_meta_meta_image_idx` ON `projects_page_locales` (`meta_image_id`,`_locale`);
CREATE INDEX `contractors_page_meta_meta_image_idx` ON `contractors_page_locales` (`meta_image_id`,`_locale`);
CREATE INDEX `contracting_page_meta_meta_image_idx` ON `contracting_page_locales` (`meta_image_id`,`_locale`);
CREATE INDEX `recruitment_page_meta_meta_image_idx` ON `recruitment_page_locales` (`meta_image_id`,`_locale`);
CREATE INDEX `questions_page_meta_meta_image_idx` ON `questions_page_locales` (`meta_image_id`,`_locale`);
CREATE INDEX `articles_page_meta_meta_image_idx` ON `articles_page_locales` (`meta_image_id`,`_locale`);
CREATE INDEX `questions_meta_meta_image_idx` ON `questions_locales` (`meta_image_id`,`_locale`);
CREATE INDEX `articles_meta_meta_image_idx` ON `articles_locales` (`meta_image_id`,`_locale`);
CREATE INDEX `users_updated_at_idx` ON `users` (`updated_at`);
CREATE INDEX `users_created_at_idx` ON `users` (`created_at`);
CREATE UNIQUE INDEX `users_email_idx` ON `users` (`email`);
CREATE INDEX `users_sessions_order_idx` ON `users_sessions` (`_order`);
CREATE INDEX `users_sessions_parent_id_idx` ON `users_sessions` (`_parent_id`);
CREATE INDEX `users_accounts_order_idx` ON `users_accounts` (`_order`);
CREATE INDEX `users_accounts_parent_id_idx` ON `users_accounts` (`_parent_id`);
CREATE INDEX `users_accounts_provider_account_id_idx` ON `users_accounts` (`provider`, `provider_account_id`);
CREATE INDEX `payload_mcp_api_keys_user_id_idx` ON `payload_mcp_api_keys` (`user_id`);
CREATE INDEX `payload_mcp_api_keys_updated_at_idx` ON `payload_mcp_api_keys` (`updated_at`);
CREATE INDEX `payload_mcp_api_keys_created_at_idx` ON `payload_mcp_api_keys` (`created_at`);
CREATE UNIQUE INDEX `payload_mcp_api_keys_api_key_index_idx` ON `payload_mcp_api_keys` (`api_key_index`);
CREATE INDEX `payload_locked_documents_rels_payload_mcp_api_keys_id_idx` ON `payload_locked_documents_rels` (`payload_mcp_api_keys_id`);
CREATE INDEX `payload_preferences_rels_payload_mcp_api_keys_id_idx` ON `payload_preferences_rels` (`payload_mcp_api_keys_id`);
CREATE UNIQUE INDEX `articles_slug_idx` ON `articles_locales` (`slug`,`_locale`);
CREATE INDEX `articles_hero_image_idx` ON `articles` (`hero_image_id`);
CREATE INDEX `articles_meta_image_idx` ON `articles` (`meta_image_id`);
CREATE INDEX `articles_updated_at_idx` ON `articles` (`updated_at`);
CREATE INDEX `articles_created_at_idx` ON `articles` (`created_at`);
